Section,Ticker,Price,Relative Strength Percentile,1 Month Ago Percentile,3 Months Ago Percentile,6 Months Ago Percentile,Sector,Industry
ðŸ”¹ RS > 90: Leading Stocks,PTIR,25.64,99,99.0,99.0,99.0,ETF,ETF
ðŸ”¹ RS > 90: Leading Stocks,CRCL,185.36,99,99.0,99.0,99.0,Financial Services,Capital Markets
ðŸ”¹ RS > 90: Leading Stocks,SEZL,146.49,99,99.0,99.0,99.0,Financial Services,Credit Services
ðŸ”¹ RS > 90: Leading Stocks,ALMU,24.04,99,99.0,99.0,97.0,Technology,Semiconductors
ðŸ”¹ RS > 90: Leading Stocks,HOOX,110.4,99,99.0,91.0,99.0,ETF,ETF
ðŸ”¹ RS > 90: Leading Stocks,OKLO,75.5,99,99.0,95.0,99.0,Utilities,Utilities - Regulated Electric
ðŸ”¹ RS > 90: Leading Stocks,RKLX,86.33,99,99.0,96.0,99.0,ETF,ETF
ðŸ”¹ RS > 90: Leading Stocks,SDM,25.23,99,91.0,99.0,99.0,Communication Services,Advertising Agencies
ðŸ”¹ RS > 90: Leading Stocks,CDTX,62.68,99,99.0,97.0,94.0,Healthcare,Biotechnology
ðŸ”¹ RS > 90: Leading Stocks,NEON,25.24,99,99.0,99.0,99.0,Technology,Electronic Components
ðŸ”¹ RS > 90: Leading Stocks,DAVE,213.13,99,99.0,98.0,99.0,Technology,Software - Application
ðŸ”¹ RS > 90: Leading Stocks,RKLB,45.11,99,99.0,99.0,99.0,Industrials,Aerospace & Defense
ðŸ”¹ RS > 90: Leading Stocks,AGFY,24.83,99,99.0,99.0,99.0,Industrials,Farm & Heavy Construction Machinery
ðŸ”¹ RS > 90: Leading Stocks,MP,64.11,99,97.0,96.0,93.0,Basic Materials,Other Industrial Metals & Mining
ðŸ”¹ RS > 90: Leading Stocks,SMR,50.99,99,99.0,96.0,99.0,Industrials,Specialty Industrial Machinery
ðŸ”¹ RS > 90: Leading Stocks,HOOD,106.77,99,99.0,98.0,99.0,Financial Services,Capital Markets
ðŸ”¹ RS > 90: Leading Stocks,ARQQ,36.74,99,99.0,96.0,99.0,Technology,Software - Infrastructure
ðŸ”¹ RS > 90: Leading Stocks,PLTR,157.88,99,99.0,99.0,99.0,Technology,Software - Infrastructure
ðŸ”¹ RS > 90: Leading Stocks,HSAI,21.9,99,99.0,99.0,99.0,Consumer Cyclical,Auto Parts
ðŸ”¹ RS > 90: Leading Stocks,CRDO,107.95,99,99.0,95.0,99.0,Technology,Semiconductors
ðŸ”¹ RS > 90: Leading Stocks,VRNA,105.09,99,99.0,99.0,99.0,Healthcare,Biotechnology
ðŸ”¹ RS > 90: Leading Stocks,ASTS,54.22,99,99.0,99.0,99.0,Technology,Communication Equipment
ðŸ”¹ RS > 90: Leading Stocks,CTEV,40.39,99,99.0,96.0,92.0,Healthcare,Health Information Services
ðŸ”¹ RS > 90: Leading Stocks,CLS,173.37,98,98.0,95.0,98.0,Technology,Electronic Components
ðŸ”¹ RS > 90: Leading Stocks,IONQ,42.34,98,99.0,99.0,99.0,Technology,Computer Hardware
ðŸ”¹ RS > 90: Leading Stocks,GEV,647.66,98,98.0,98.0,97.0,Industrials,Specialty Industrial Machinery
ðŸ”¹ RS > 90: Leading Stocks,ATGL,20.53,98,99.0,99.0,99.0,Technology,Software - Infrastructure
ðŸ”¹ RS > 90: Leading Stocks,RGTX,48.9,98,95.0,92.0,98.0,ETF,ETF
ðŸ”¹ RS > 90: Leading Stocks,BE,34.78,98,94.0,95.0,98.0,Industrials,Electrical Equipment & Parts
ðŸ”¹ RS > 90: Leading Stocks,RBLX,120.96,98,98.0,97.0,96.0,Communication Services,Electronic Gaming & Multimedia
ðŸ”¹ RS > 90: Leading Stocks,HIMS,58.68,98,98.0,97.0,99.0,Consumer Defensive,Household & Personal Products
ðŸ”¹ RS > 90: Leading Stocks,APP,370.96,98,98.0,99.0,99.0,Communication Services,Advertising Agencies
ðŸ”¹ RS > 90: Leading Stocks,IONX,64.07,98,98.0,95.0,98.0,ETF,ETF
ðŸ”¹ RS > 90: Leading Stocks,TLN,358.77,98,97.0,97.0,98.0,Utilities,Utilities - Independent Power Producers
ðŸ”¹ RS > 90: Leading Stocks,KTOS,59.36,98,97.0,96.0,96.0,Industrials,Aerospace & Defense
ðŸ”¹ RS > 90: Leading Stocks,IPX,40.39,98,96.0,91.0,95.0,Basic Materials,Other Industrial Metals & Mining
ðŸ”¹ RS > 90: Leading Stocks,AS,38.6,98,98.0,95.0,98.0,Consumer Cyclical,Leisure
ðŸ”¹ RS > 90: Leading Stocks,TPR,110.42,98,96.0,96.0,96.0,Consumer Cyclical,Luxury Goods
ðŸ”¹ RS > 90: Leading Stocks,AGX,236.89,98,98.0,98.0,97.0,Industrials,Engineering & Construction
ðŸ”¹ RS > 90: Leading Stocks,GDS,36.52,98,97.0,98.0,98.0,Technology,Information Technology Services
ðŸ”¹ RS > 90: Leading Stocks,FUTU,162.67,98,94.0,91.0,92.0,Financial Services,Capital Markets
ðŸ”¹ RS > 90: Leading Stocks,NET,199.41,97,98.0,93.0,95.0,Technology,Software - Infrastructure
ðŸ”¹ RS > 90: Leading Stocks,XYZG,27.5,97,95.0,96.0,97.0,ETF,ETF
ðŸ”¹ RS > 90: Leading Stocks,TSAT,25.33,97,97.0,96.0,97.0,Technology,Communication Equipment
ðŸ”¹ RS > 90: Leading Stocks,INOD,49.45,97,98.0,99.0,99.0,Technology,Information Technology Services
ðŸ”¹ RS > 90: Leading Stocks,UPST,82.3,97,96.0,94.0,97.0,Financial Services,Credit Services
ðŸ”¹ RS > 90: Leading Stocks,SEI,32.61,97,97.0,97.0,99.0,Energy,Oil & Gas Equipment & Services
ðŸ”¹ RS > 90: Leading Stocks,SOFI,21.02,97,97.0,94.0,97.0,Financial Services,Credit Services
ðŸ”¹ RS > 90: Leading Stocks,SNWV,35.75,97,95.0,97.0,97.0,Healthcare,Medical Devices
ðŸ”¹ RS > 90: Leading Stocks,NNE,37.88,97,96.0,98.0,99.0,Industrials,Specialty Industrial Machinery
ðŸ”¹ RS > 90: Leading Stocks,FEIM,27.87,97,97.0,97.0,93.0,Technology,Communication Equipment
ðŸ”¹ RS > 90: Leading Stocks,SMU,47.77,97,97.0,98.0,97.0,ETF,ETF
ðŸ”¹ RS > 90: Leading Stocks,VST,195.88,97,97.0,93.0,98.0,Utilities,Utilities - Independent Power Producers
ðŸ”¹ RS > 90: Leading Stocks,GRAL,38.27,97,99.0,99.0,98.0,Healthcare,Diagnostics & Research
ðŸ”¹ RS > 90: Leading Stocks,SRAD,28.0,96,97.0,98.0,97.0,Technology,Software - Application
ðŸ”¹ RS > 90: Leading Stocks,COE,29.0,96,98.0,97.0,97.0,Consumer Defensive,Education & Training Services
ðŸ”¹ RS > 90: Leading Stocks,FOA,24.12,96,98.0,99.0,99.0,Financial Services,Credit Services
ðŸ”¹ RS > 90: Leading Stocks,KDEF,41.85,96,97.0,96.0,96.0,ETF,ETF
ðŸ”¹ RS > 90: Leading Stocks,CCRD,27.89,96,96.0,95.0,96.0,Technology,Software - Application
ðŸ”¹ RS > 90: Leading Stocks,RBRK,87.11,96,98.0,97.0,97.0,Technology,Software - Infrastructure
ðŸ”¹ RS > 90: Leading Stocks,CVNA,336.33,96,97.0,98.0,98.0,Consumer Cyclical,Auto & Truck Dealerships
ðŸ”¹ RS > 90: Leading Stocks,UI,459.5,96,97.0,98.0,98.0,Technology,Communication Equipment
ðŸ”¹ RS > 90: Leading Stocks,NRG,158.54,96,97.0,95.0,92.0,Utilities,Utilities - Independent Power Producers
ðŸ”¹ RS > 90: Leading Stocks,HRTG,20.62,96,98.0,99.0,92.0,Financial Services,Insurance - Property & Casualty
ðŸ”¹ RS > 90: Leading Stocks,ESLT,452.15,96,97.0,98.0,93.0,Industrials,Aerospace & Defense
ðŸ”¹ RS > 90: Leading Stocks,SRRK,37.09,96,99.0,98.0,99.0,Healthcare,Biotechnology
ðŸ”¹ RS > 90: Leading Stocks,HWM,188.17,96,97.0,97.0,95.0,Industrials,Aerospace & Defense
ðŸ”¹ RS > 90: Leading Stocks,LMB,135.64,96,98.0,96.0,95.0,Industrials,Building Products & Equipment
ðŸ”¹ RS > 90: Leading Stocks,BTCL,63.25,96,96.0,92.0,98.0,ETF,ETF
ðŸ”¹ RS > 90: Leading Stocks,URBN,77.72,96,95.0,91.0,92.0,Consumer Cyclical,Apparel Retail
ðŸ”¹ RS > 90: Leading Stocks,ACFN,21.95,96,92.0,94.0,97.0,Technology,Scientific & Technical Instruments
ðŸ”¹ RS > 90: Leading Stocks,OPOF,40.5,96,98.0,99.0,92.0,Financial Services,Banks - Regional
ðŸ”¹ RS > 90: Leading Stocks,WILC,21.42,96,94.0,94.0,95.0,Consumer Defensive,Food Distribution
ðŸ”¹ RS > 90: Leading Stocks,AFRM,67.51,95,96.0,94.0,96.0,Technology,Software - Infrastructure
ðŸ”¹ RS > 90: Leading Stocks,DXPE,111.76,95,93.0,97.0,98.0,Industrials,Industrial Distribution
ðŸ”¹ RS > 90: Leading Stocks,MIR,22.3,95,96.0,93.0,92.0,Industrials,Specialty Industrial Machinery
ðŸ”¹ RS > 90: Leading Stocks,DASH,246.44,95,96.0,96.0,94.0,Consumer Cyclical,Internet Retail
ðŸ”¹ RS > 90: Leading Stocks,SE,160.74,95,96.0,98.0,97.0,Consumer Cyclical,Internet Retail
ðŸ”¹ RS > 90: Leading Stocks,CRS,276.31,95,97.0,96.0,97.0,Industrials,Metal Fabrication
ðŸ”¹ RS > 90: Leading Stocks,AVGG,23.03,95,93.0,96.0,95.0,ETF,ETF
ðŸ”¹ RS > 90: Leading Stocks,BKTI,40.05,95,98.0,99.0,98.0,Technology,Communication Equipment
ðŸ”¹ RS > 90: Leading Stocks,ROOT,118.74,95,98.0,99.0,99.0,Financial Services,Insurance - Property & Casualty
ðŸ”¹ RS > 90: Leading Stocks,KRMN,50.29,95,96.0,92.0,95.0,Industrials,Aerospace & Defense
ðŸ”¹ RS > 90: Leading Stocks,TWLO,131.51,95,96.0,92.0,98.0,Technology,Software - Infrastructure
ðŸ”¹ RS > 90: Leading Stocks,TESL,23.76,95,97.0,97.0,98.0,ETF,ETF
ðŸ”¹ RS > 90: Leading Stocks,NFLU,56.25,95,98.0,98.0,96.0,ETF,ETF
ðŸ”¹ RS > 90: Leading Stocks,PYPG,22.31,95,95.0,94.0,95.0,ETF,ETF
ðŸ”¹ RS > 90: Leading Stocks,MSTR,403.8,95,97.0,98.0,99.0,Technology,Software - Application
ðŸ”¹ RS > 90: Leading Stocks,DXYZ,32.15,95,98.0,99.0,99.0,Financial Services,Asset Management
ðŸ”¹ RS > 90: Leading Stocks,RDDT,151.6,95,96.0,97.0,99.0,Communication Services,Internet Content & Information
ðŸ”¹ RS > 90: Leading Stocks,NFXL,55.59,95,98.0,98.0,96.0,ETF,ETF
ðŸ”¹ RS > 90: Leading Stocks,TPB,77.92,95,96.0,97.0,96.0,Consumer Defensive,Tobacco
ðŸ”¹ RS > 90: Leading Stocks,AXON,736.29,95,97.0,97.0,98.0,Industrials,Aerospace & Defense
ðŸ”¹ RS > 90: Leading Stocks,SPOT,700.98,94,97.0,98.0,97.0,Communication Services,Internet Content & Information
ðŸ”¹ RS > 90: Leading Stocks,LMND,38.88,94,97.0,94.0,96.0,Financial Services,Insurance - Property & Casualty
ðŸ”¹ RS > 90: Leading Stocks,TOST,48.93,94,94.0,91.0,95.0,Technology,Software - Infrastructure
ðŸ”¹ RS > 90: Leading Stocks,PDEX,53.5,94,93.0,99.0,94.0,Healthcare,Medical Instruments & Supplies
ðŸ”¹ RS > 90: Leading Stocks,BTGD,39.11,94,95.0,96.0,94.0,ETF,ETF
ðŸ”¹ RS > 90: Leading Stocks,FRHC,175.58,94,92.0,97.0,95.0,Financial Services,Financial Conglomerates
ðŸ”¹ RS > 90: Leading Stocks,TATT,32.65,94,94.0,98.0,98.0,Industrials,Aerospace & Defense
ðŸ”¹ RS > 90: Leading Stocks,GBFH,43.86,94,92.0,98.0,97.0,Financial Services,Banks - Regional
ðŸ”¹ RS > 90: Leading Stocks,LINC,22.47,94,97.0,94.0,92.0,Consumer Defensive,Education & Training Services
ðŸ”¹ RS > 90: Leading Stocks,SMMT,27.45,94,92.0,99.0,99.0,Healthcare,Biotechnology
ðŸ”¹ RS > 90: Leading Stocks,DRS,48.08,94,95.0,95.0,93.0,Industrials,Aerospace & Defense
ðŸ”¹ RS > 90: Leading Stocks,LLYVK,85.68,94,95.0,96.0,96.0,Communication Services,Entertainment
ðŸ”¹ RS > 90: Leading Stocks,LLYVA,83.38,94,95.0,97.0,96.0,Communication Services,Entertainment
ðŸ”¹ RS > 90: Leading Stocks,AHR,37.01,93,95.0,98.0,95.0,Real Estate,REIT - Healthcare Facilities
ðŸ”¹ RS > 90: Leading Stocks,HODL,33.41,93,94.0,93.0,96.0,ETF,ETF
ðŸ”¹ RS > 90: Leading Stocks,BTCW,125.25,93,94.0,93.0,96.0,ETF,ETF
ðŸ”¹ RS > 90: Leading Stocks,EZBC,68.41,93,94.0,93.0,96.0,ETF,ETF
ðŸ”¹ RS > 90: Leading Stocks,ARKB,39.25,93,94.0,93.0,96.0,ETF,ETF
ðŸ”¹ RS > 90: Leading Stocks,BRRR,33.39,93,94.0,93.0,96.0,ETF,ETF
ðŸ”¹ RS > 90: Leading Stocks,BTCO,117.87,93,94.0,93.0,96.0,ETF,ETF
ðŸ”¹ RS > 90: Leading Stocks,FBTC,103.06,93,94.0,93.0,96.0,ETF,ETF
ðŸ”¹ RS > 90: Leading Stocks,BITB,64.22,93,94.0,93.0,96.0,ETF,ETF
ðŸ”¹ RS > 90: Leading Stocks,IBIT,67.1,93,94.0,93.0,96.0,,
ðŸ”¹ RS > 90: Leading Stocks,XMTR,32.84,93,96.0,92.0,97.0,Industrials,Specialty Industrial Machinery
ðŸ”¹ RS > 90: Leading Stocks,BTC,52.33,93,94.0,93.0,94.0,ETF,ETF
ðŸ”¹ RS > 90: Leading Stocks,DEFI,133.53,93,94.0,93.0,96.0,ETF,ETF
ðŸ”¹ RS > 90: Leading Stocks,GBTC,92.88,93,94.0,93.0,96.0,ETF,ETF
ðŸ”¹ RS > 90: Leading Stocks,CRK,20.66,93,98.0,97.0,97.0,Energy,Oil & Gas E&P
ðŸ”¹ RS > 90: Leading Stocks,EAT,157.14,93,97.0,97.0,99.0,Consumer Cyclical,Restaurants
ðŸ”¹ RS > 90: Leading Stocks,CCB,101.46,93,96.0,96.0,97.0,Financial Services,Banks - Regional
ðŸ”¹ RS > 90: Leading Stocks,GEVX,35.45,92,93.0,94.0,93.0,ETF,ETF
ðŸ”¹ RS > 90: Leading Stocks,APEI,28.4,92,96.0,96.0,94.0,Consumer Defensive,Education & Training Services
ðŸ”¹ RS > 90: Leading Stocks,UTI,31.14,92,97.0,97.0,96.0,Consumer Defensive,Education & Training Services
ðŸ”¹ RS > 90: Leading Stocks,INSM,101.75,92,93.0,96.0,97.0,Healthcare,Biotechnology
ðŸ”¹ RS > 90: Leading Stocks,NYAX,44.5,92,97.0,97.0,94.0,Technology,Software - Infrastructure
ðŸ”¹ RS > 90: Leading Stocks,CRWD,472.18,92,95.0,96.0,93.0,Technology,Software - Infrastructure
ðŸ”¹ RS > 90: Leading Stocks,BYRN,23.48,92,98.0,97.0,98.0,Industrials,Aerospace & Defense
ðŸ”¹ RS > 90: Leading Stocks,DOCS,61.0,92,93.0,98.0,97.0,Healthcare,Health Information Services
ðŸ”¹ RS > 90: Leading Stocks,RDVT,44.78,91,96.0,97.0,95.0,Technology,Software - Application
ðŸ”¹ RS > 90: Leading Stocks,SNEX,94.58,91,95.0,97.0,92.0,Financial Services,Capital Markets
ðŸ”¹ RS > 90: Leading Stocks,IDCC,222.11,91,94.0,97.0,93.0,Technology,Software - Application
ðŸ”¹ RS > 90: Leading Stocks,ASTX,36.83,91,92.0,92.0,92.0,ETF,ETF
ðŸ”¹ RS > 90: Leading Stocks,ROAD,102.14,91,95.0,93.0,91.0,Industrials,Engineering & Construction
ðŸ”¹ RS > 90: Leading Stocks,WGS,84.91,91,97.0,99.0,99.0,Healthcare,Diagnostics & Research
ðŸ”¹ RS > 90: Leading Stocks,NFLX,1174.6,91,96.0,98.0,94.0,Communication Services,Entertainment
ðŸ”¹ RS > 90: Leading Stocks,AKRO,49.24,91,97.0,97.0,98.0,Healthcare,Biotechnology
ðŸ”¹ RS > 90: Leading Stocks,TEKY,35.33,91,93.0,91.0,91.0,ETF,ETF
ðŸ”¸ RS â‰¥ 85: Top Movers,CELC,36.79,99,45.0,12.0,5.0,Healthcare,Biotechnology
ðŸ”¸ RS â‰¥ 85: Top Movers,PGY,31.09,99,98.0,62.0,5.0,Technology,Software - Infrastructure
ðŸ”¸ RS â‰¥ 85: Top Movers,WLDN,82.52,98,97.0,88.0,70.0,Industrials,Engineering & Construction
ðŸ”¸ RS â‰¥ 85: Top Movers,METC,21.54,98,90.0,29.0,4.0,Basic Materials,Coking Coal
ðŸ”¸ RS â‰¥ 85: Top Movers,PARR,32.05,97,96.0,7.0,5.0,Energy,Oil & Gas Refining & Marketing
ðŸ”¸ RS â‰¥ 85: Top Movers,INBX,24.57,97,29.0,25.0,12.0,Healthcare,Biotechnology
ðŸ”¸ RS â‰¥ 85: Top Movers,SEDG,27.06,97,77.0,5.0,1.0,Technology,Solar
ðŸ”¸ RS â‰¥ 85: Top Movers,FIVE,142.45,97,95.0,13.0,10.0,Consumer Cyclical,Specialty Retail
ðŸ”¸ RS â‰¥ 85: Top Movers,ESEA,51.72,96,95.0,88.0,6.0,Industrials,Marine Shipping
ðŸ”¸ RS â‰¥ 85: Top Movers,SMCL,26.16,96,62.0,2.0,0.0,ETF,ETF
ðŸ”¸ RS â‰¥ 85: Top Movers,KEN,48.14,96,93.0,90.0,85.0,Utilities,Utilities - Independent Power Producers
ðŸ”¸ RS â‰¥ 85: Top Movers,TME,21.6,96,95.0,84.0,55.0,Communication Services,Internet Content & Information
ðŸ”¸ RS â‰¥ 85: Top Movers,U,33.49,96,86.0,64.0,46.0,Technology,Software - Application
ðŸ”¸ RS â‰¥ 85: Top Movers,AMD,173.66,94,81.0,8.0,5.0,Technology,Semiconductors
ðŸ”¸ RS â‰¥ 85: Top Movers,SMCI,60.05,94,82.0,10.0,1.0,Technology,Computer Hardware
ðŸ”¸ RS â‰¥ 85: Top Movers,CRSP,63.75,94,76.0,14.0,5.0,Healthcare,Biotechnology
ðŸ”¸ RS â‰¥ 85: Top Movers,SIMO,75.79,93,92.0,15.0,8.0,Technology,Semiconductors
ðŸ”¸ RS â‰¥ 85: Top Movers,DLTR,115.43,93,90.0,51.0,6.0,Consumer Defensive,Discount Stores
ðŸ”¸ RS â‰¥ 85: Top Movers,SLVR,31.85,93,91.0,86.0,52.0,ETF,ETF
ðŸ”¸ RS â‰¥ 85: Top Movers,TEL,209.34,92,82.0,52.0,39.0,Technology,Electronic Components
ðŸ”¸ RS â‰¥ 85: Top Movers,RYAAY,62.7,92,90.0,72.0,27.0,Industrials,Airlines
ðŸ”¸ RS â‰¥ 85: Top Movers,MSFU,52.4,92,91.0,13.0,12.0,ETF,ETF
ðŸ”¸ RS â‰¥ 85: Top Movers,MRUS,65.59,92,79.0,53.0,8.0,Healthcare,Biotechnology
ðŸ”¸ RS â‰¥ 85: Top Movers,ADNT,22.7,92,85.0,3.0,2.0,Consumer Cyclical,Auto Parts
ðŸ”¸ RS â‰¥ 85: Top Movers,RCMT,25.57,91,90.0,22.0,11.0,Industrials,Conglomerates
ðŸ”¸ RS â‰¥ 85: Top Movers,ULTA,519.27,91,85.0,60.0,57.0,Consumer Cyclical,Specialty Retail
ðŸ”¸ RS â‰¥ 85: Top Movers,VNAM,20.98,91,71.0,63.0,16.0,ETF,ETF
ðŸ”¸ RS â‰¥ 85: Top Movers,BA,236.41,91,89.0,83.0,55.0,Industrials,Aerospace & Defense
ðŸ”¸ RS â‰¥ 85: Top Movers,EDC,41.03,90,87.0,33.0,17.0,ETF,ETF
ðŸ”¸ RS â‰¥ 85: Top Movers,GMS,109.6,90,87.0,14.0,13.0,Industrials,Building Products & Equipment
ðŸ”¸ RS â‰¥ 85: Top Movers,CCEC,24.05,90,88.0,84.0,63.0,Industrials,Marine Shipping
ðŸ”¸ RS â‰¥ 85: Top Movers,BILI,22.83,90,83.0,82.0,72.0,Communication Services,Internet Content & Information
ðŸ”¸ RS â‰¥ 85: Top Movers,QXO,21.78,90,86.0,15.0,2.0,Technology,Software - Application
ðŸ”¸ RS â‰¥ 85: Top Movers,TRS,31.48,89,83.0,36.0,15.0,Consumer Cyclical,Packaging & Containers
ðŸ”¸ RS â‰¥ 85: Top Movers,REMX,53.38,89,30.0,18.0,9.0,ETF,ETF
ðŸ”¸ RS â‰¥ 85: Top Movers,WYNN,111.27,89,75.0,24.0,13.0,Consumer Cyclical,Resorts & Casinos
ðŸ”¸ RS â‰¥ 85: Top Movers,VC,114.93,89,64.0,14.0,5.0,Consumer Cyclical,Auto Parts
ðŸ”¸ RS â‰¥ 85: Top Movers,GSL,29.1,89,69.0,34.0,12.0,Industrials,Marine Shipping
ðŸ”¸ RS â‰¥ 85: Top Movers,SCHW,97.91,89,88.0,86.0,85.0,Financial Services,Capital Markets
ðŸ”¸ RS â‰¥ 85: Top Movers,DELL,133.86,88,78.0,15.0,13.0,Technology,Computer Hardware
ðŸ”¸ RS â‰¥ 85: Top Movers,FCA,25.65,88,84.0,80.0,53.0,ETF,ETF
ðŸ”¸ RS â‰¥ 85: Top Movers,XME,76.22,88,80.0,30.0,22.0,ETF,ETF
ðŸ”¸ RS â‰¥ 85: Top Movers,MLTX,54.47,88,66.0,36.0,17.0,Healthcare,Biotechnology
ðŸ”¸ RS â‰¥ 85: Top Movers,BSY,58.72,88,84.0,26.0,15.0,Technology,Software - Application
ðŸ”¸ RS â‰¥ 85: Top Movers,EVI,23.38,88,86.0,16.0,9.0,Industrials,Industrial Distribution
ðŸ”¸ RS â‰¥ 85: Top Movers,AIS,29.36,87,85.0,20.0,18.0,ETF,ETF
ðŸ”¸ RS â‰¥ 85: Top Movers,EWH,21.07,87,84.0,83.0,24.0,ETF,ETF
ðŸ”¸ RS â‰¥ 85: Top Movers,REX,54.35,87,86.0,18.0,11.0,Basic Materials,Chemicals
ðŸ”¸ RS â‰¥ 85: Top Movers,TAYD,45.47,87,77.0,10.0,4.0,Industrials,Specialty Industrial Machinery
ðŸ”¸ RS â‰¥ 85: Top Movers,DRAI,28.97,87,83.0,39.0,17.0,ETF,ETF
ðŸ”¸ RS â‰¥ 85: Top Movers,ION,32.7,86,67.0,31.0,11.0,ETF,ETF
ðŸ”¸ RS â‰¥ 85: Top Movers,EET,66.34,86,83.0,50.0,22.0,ETF,ETF
ðŸ”¸ RS â‰¥ 85: Top Movers,COPJ,25.91,86,85.0,57.0,9.0,ETF,ETF
ðŸ”¸ RS â‰¥ 85: Top Movers,LI,29.19,86,84.0,71.0,13.0,Consumer Cyclical,Auto Manufacturers
ðŸ”¸ RS â‰¥ 85: Top Movers,SFST,44.51,86,82.0,79.0,62.0,Financial Services,Banks - Regional
ðŸ”¸ RS â‰¥ 85: Top Movers,MCY,69.92,85,77.0,61.0,11.0,Financial Services,Insurance - Property & Casualty
ðŸ”¸ RS â‰¥ 85: Top Movers,SIG,83.89,85,75.0,12.0,2.0,Consumer Cyclical,Luxury Goods
ðŸ”¸ RS â‰¥ 85: Top Movers,SCHL,26.22,85,13.0,8.0,2.0,Communication Services,Publishing
ðŸ”¸ RS â‰¥ 85: Top Movers,AIA,84.51,85,82.0,77.0,64.0,ETF,ETF
ðŸ”¸ RS â‰¥ 85: Top Movers,BEN,24.67,85,83.0,23.0,14.0,Financial Services,Asset Management
ðŸ”¹ Breakout: New Leader,PLTU,80.88,99,98.0,98.0,88.0,ETF,ETF
ðŸ”¹ Breakout: New Leader,AAPG,39.27,98,98.0,97.0,56.0,Healthcare,Biotechnology
ðŸ”¹ Breakout: New Leader,UPSX,48.06,97,83.0,98.0,97.0,ETF,ETF
ðŸ”¹ Breakout: New Leader,STRL,263.59,97,97.0,91.0,87.0,Industrials,Engineering & Construction
ðŸ”¹ Breakout: New Leader,CYD,23.13,97,98.0,97.0,74.0,Consumer Cyclical,Auto Manufacturers
ðŸ”¹ Breakout: New Leader,ESP,48.01,96,97.0,92.0,74.0,Industrials,Electrical Equipment & Parts
ðŸ”¹ Breakout: New Leader,MGIC,21.06,96,96.0,91.0,79.0,Technology,Information Technology Services
ðŸ”¹ Breakout: New Leader,DB,32.56,95,96.0,97.0,85.0,Financial Services,Banks - Regional
ðŸ”¹ Breakout: New Leader,ODD,68.43,95,97.0,98.0,88.0,Technology,Software - Infrastructure
ðŸ”¹ Breakout: New Leader,YINN,46.29,95,91.0,91.0,90.0,ETF,ETF
ðŸ”¹ Breakout: New Leader,COOP,158.32,95,96.0,95.0,89.0,Financial Services,Mortgage Finance
ðŸ”¹ Breakout: New Leader,APH,106.7,94,95.0,91.0,80.0,Technology,Electronic Components
ðŸ”¹ Breakout: New Leader,RYTM,85.68,94,89.0,96.0,90.0,Healthcare,Biotechnology
ðŸ”¹ Breakout: New Leader,AU,49.51,94,95.0,97.0,89.0,Basic Materials,Gold
ðŸ”¹ Breakout: New Leader,ODC,57.39,94,95.0,90.0,87.0,Basic Materials,Specialty Chemicals
ðŸ”¹ Breakout: New Leader,CALX,56.48,94,95.0,88.0,80.0,Technology,Software - Infrastructure
ðŸ”¹ Breakout: New Leader,BH,313.9,94,94.0,90.0,89.0,Consumer Cyclical,Restaurants
ðŸ”¹ Breakout: New Leader,CW,490.63,94,96.0,88.0,86.0,Industrials,Aerospace & Defense
ðŸ”¹ Breakout: New Leader,BBIO,46.23,94,96.0,96.0,82.0,Healthcare,Biotechnology
ðŸ”¹ Breakout: New Leader,VEON,54.71,94,90.0,97.0,95.0,Communication Services,Telecom Services
ðŸ”¹ Breakout: New Leader,LTM,41.38,93,94.0,91.0,85.0,Industrials,Airlines
ðŸ”¹ Breakout: New Leader,JCI,111.52,93,93.0,90.0,82.0,Industrials,Building Products & Equipment
ðŸ”¹ Breakout: New Leader,ZS,289.04,93,97.0,93.0,64.0,Technology,Software - Infrastructure
ðŸ”¹ Breakout: New Leader,SII,68.91,93,96.0,93.0,57.0,Financial Services,Asset Management
ðŸ”¹ Breakout: New Leader,PRA,23.8,93,93.0,98.0,63.0,Financial Services,Insurance - Property & Casualty
ðŸ”¹ Breakout: New Leader,SHLD,60.82,93,95.0,97.0,81.0,ETF,ETF
ðŸ”¹ Breakout: New Leader,WWD,258.5,93,94.0,89.0,84.0,Industrials,Aerospace & Defense
ðŸ”¹ Breakout: New Leader,SENEB,103.59,93,93.0,96.0,86.0,Consumer Defensive,Packaged Foods
ðŸ”¹ Breakout: New Leader,ZLAB,38.69,93,93.0,97.0,87.0,Healthcare,Biotechnology
ðŸ”¹ Breakout: New Leader,XPP,27.23,93,90.0,92.0,89.0,ETF,ETF
ðŸ”¹ Breakout: New Leader,GDXU,70.94,93,96.0,98.0,70.0,ETF,ETF
ðŸ”¹ Breakout: New Leader,IBEX,30.02,93,94.0,97.0,90.0,Technology,Information Technology Services
ðŸ”¹ Breakout: New Leader,EUAD,41.02,93,96.0,97.0,63.0,ETF,ETF
ðŸ”¹ Breakout: New Leader,EXEL,44.39,93,95.0,97.0,88.0,Healthcare,Biotechnology
ðŸ”¹ Breakout: New Leader,APG,34.65,93,94.0,76.0,69.0,Industrials,Engineering & Construction
ðŸ”¹ Breakout: New Leader,JNUG,74.94,92,96.0,97.0,81.0,ETF,ETF
ðŸ”¹ Breakout: New Leader,IRTC,137.11,92,97.0,89.0,88.0,Healthcare,Medical Devices
ðŸ”¹ Breakout: New Leader,SENEA,102.12,92,93.0,97.0,86.0,Consumer Defensive,Packaged Foods
ðŸ”¹ Breakout: New Leader,VRSN,305.98,92,93.0,97.0,83.0,Technology,Software - Infrastructure
ðŸ”¹ Breakout: New Leader,NUGT,75.12,92,95.0,97.0,80.0,ETF,ETF
ðŸ”¹ Breakout: New Leader,ESE,190.8,92,95.0,95.0,79.0,Technology,Scientific & Technical Instruments
ðŸ”¹ Breakout: New Leader,BABX,28.29,92,85.0,97.0,87.0,ETF,ETF
ðŸ”¹ Breakout: New Leader,HWKN,160.85,92,92.0,93.0,88.0,Basic Materials,Specialty Chemicals
ðŸ”¹ Breakout: New Leader,ECNS,35.34,91,87.0,87.0,54.0,ETF,ETF
ðŸ”¹ Breakout: New Leader,SXT,112.93,91,92.0,94.0,55.0,Basic Materials,Specialty Chemicals
ðŸ”¹ Breakout: New Leader,NTES,131.88,91,94.0,90.0,80.0,Communication Services,Electronic Gaming & Multimedia
ðŸ”¹ Breakout: New Leader,ONC,294.51,91,85.0,96.0,89.0,Healthcare,Biotechnology
ðŸ”¹ Breakout: New Leader,OLLI,139.34,91,88.0,89.0,88.0,Consumer Defensive,Discount Stores
ðŸ”¹ Breakout: New Leader,VEEV,292.59,91,92.0,86.0,80.0,Healthcare,Health Information Services
ðŸ”¹ Breakout: New Leader,TIGO,39.47,91,93.0,96.0,79.0,Communication Services,Telecom Services
ðŸ”¹ Breakout: New Leader,BTRN,41.97,91,90.0,91.0,89.0,ETF,ETF
ðŸ”¹ Breakout: New Leader,OR,27.61,91,92.0,96.0,66.0,Basic Materials,Gold
ðŸ”¹ Breakout: New Leader,BNGE,37.64,91,92.0,91.0,83.0,ETF,ETF
ðŸ”¹ Breakout: New Leader,GAMR,87.69,91,91.0,84.0,75.0,ETF,ETF
ðŸ”¹ Breakout: New Leader,ASA,32.16,91,92.0,97.0,89.0,Financial Services,Asset Management
ðŸ”¹ Breakout: New Leader,BTI,51.78,91,90.0,94.0,84.0,Consumer Defensive,Tobacco
ðŸ”¹ Breakout: New Leader,AZZ,111.56,91,83.0,85.0,83.0,Industrials,Specialty Business Services
ðŸ”¹ Breakout: New Leader,VSEC,138.8,91,92.0,94.0,87.0,Industrials,Aerospace & Defense
ðŸ”¹ Breakout: New Leader,WPM,91.73,90,93.0,96.0,73.0,Basic Materials,Gold
ðŸ”¹ Breakout: New Leader,SHNY,69.49,90,95.0,98.0,91.0,ETF,ETF
ðŸ”¹ Breakout: New Leader,OND,43.28,90,91.0,90.0,80.0,ETF,ETF
ðŸ”¹ Breakout: New Leader,HEI,323.92,90,91.0,85.0,69.0,Industrials,Aerospace & Defense
ðŸ”¹ Breakout: New Leader,TBRG,23.13,90,94.0,99.0,98.0,Healthcare,Health Information Services
ðŸ”¹ Breakout: New Leader,OMAB,102.41,90,94.0,92.0,69.0,Industrials,Airports & Air Services
ðŸ”¹ Breakout: New Leader,CAE,28.43,90,91.0,93.0,88.0,Industrials,Aerospace & Defense
ðŸ”¹ Breakout: New Leader,ULS,70.03,90,95.0,93.0,86.0,Industrials,Specialty Business Services
ðŸ”¹ Breakout: New Leader,TT,472.54,90,88.0,88.0,73.0,Industrials,Building Products & Equipment
ðŸ”¹ Breakout: New Leader,BWFG,39.82,90,89.0,92.0,80.0,Financial Services,Banks - Regional
ðŸ”¹ Breakout: New Leader,SGDM,45.21,90,93.0,96.0,78.0,ETF,ETF
ðŸ”¹ Breakout: New Leader,NATO,36.15,90,92.0,91.0,60.0,ETF,ETF
ðŸ”¹ Breakout: New Leader,ESPO,106.78,90,93.0,95.0,90.0,ETF,ETF
ðŸ”¹ Breakout: New Leader,GFI,24.62,90,93.0,96.0,61.0,Basic Materials,Gold
ðŸ”¹ Breakout: New Leader,WNS,74.75,90,76.0,89.0,78.0,Technology,Information Technology Services
ðŸ”¹ Breakout: New Leader,SIL,49.01,90,91.0,91.0,65.0,ETF,ETF
ðŸ”¹ Breakout: New Leader,CHEF,62.68,90,93.0,95.0,94.0,Consumer Defensive,Food Distribution
ðŸ”¹ Breakout: New Leader,ITRN,40.5,90,89.0,94.0,86.0,Technology,Scientific & Technical Instruments
ðŸ”¹ Breakout: New Leader,TFPM,23.36,89,92.0,95.0,52.0,Basic Materials,Other Precious Metals & Mining
ðŸ”¹ Breakout: New Leader,GDMN,50.15,89,94.0,97.0,83.0,ETF,ETF
ðŸ”¹ Breakout: New Leader,PTGX,56.26,89,92.0,95.0,65.0,Healthcare,Biotechnology
ðŸ”¹ Breakout: New Leader,EIS,95.1,89,92.0,90.0,89.0,ETF,ETF
ðŸ”¹ Breakout: New Leader,DBD,57.73,89,92.0,85.0,70.0,Technology,Software - Application
ðŸ”¹ Breakout: New Leader,AEM,123.74,89,93.0,97.0,91.0,Basic Materials,Gold
ðŸ”¹ Breakout: New Leader,ITA,198.05,89,90.0,84.0,79.0,ETF,ETF
ðŸ”¹ Breakout: New Leader,DGP,100.21,89,94.0,98.0,90.0,,
ðŸ”¹ Breakout: New Leader,PRXG,33.99,89,92.0,91.0,90.0,ETF,ETF
ðŸ”¹ Breakout: New Leader,KEMQ,22.72,89,90.0,88.0,73.0,ETF,ETF
ðŸ”¹ Breakout: New Leader,FGM,56.07,89,93.0,94.0,65.0,ETF,ETF
ðŸ”¹ Breakout: New Leader,NERD,25.28,89,94.0,95.0,88.0,ETF,ETF
ðŸ”¹ Breakout: New Leader,LAUR,23.03,89,91.0,93.0,88.0,Consumer Defensive,Education & Training Services
ðŸ”¹ Breakout: New Leader,GSIB,45.13,89,91.0,92.0,86.0,ETF,ETF
ðŸ”¹ Breakout: New Leader,MRCY,52.76,89,95.0,97.0,91.0,Industrials,Aerospace & Defense
ðŸ”¹ Breakout: New Leader,HSBC,64.48,89,87.0,93.0,83.0,Financial Services,Banks - Diversified
ðŸ”¹ Breakout: New Leader,ISBA,30.3,89,95.0,93.0,87.0,Financial Services,Banks - Regional
ðŸ”¹ Breakout: New Leader,LWAY,25.69,89,85.0,93.0,90.0,Consumer Defensive,Packaged Foods
ðŸ”¹ Breakout: New Leader,UNFI,28.43,89,78.0,98.0,97.0,Consumer Defensive,Food Distribution
ðŸ”¹ Breakout: New Leader,OSIS,224.07,89,93.0,96.0,93.0,Technology,Electronic Components
ðŸ”¹ Breakout: New Leader,TDS,38.98,89,86.0,97.0,95.0,Communication Services,Telecom Services
ðŸ”¹ Breakout: New Leader,RDWR,27.98,89,93.0,92.0,67.0,Technology,Software - Infrastructure
ðŸ”¹ Breakout: New Leader,ITRI,136.3,89,90.0,86.0,69.0,Technology,Scientific & Technical Instruments
ðŸ”¹ Breakout: New Leader,CAH,156.33,89,94.0,94.0,83.0,Healthcare,Medical Distribution
ðŸ”¹ Breakout: New Leader,NCSM,30.5,88,89.0,97.0,96.0,Energy,Oil & Gas Equipment & Services
ðŸ”¹ Breakout: New Leader,TR,39.23,88,63.0,85.0,55.0,Consumer Defensive,Confectioners
ðŸ”¹ Breakout: New Leader,ODDS,32.03,88,90.0,89.0,83.0,ETF,ETF
ðŸ”¹ Breakout: New Leader,CRWL,35.5,88,97.0,91.0,87.0,ETF,ETF
ðŸ”¹ Breakout: New Leader,HERO,31.29,88,93.0,94.0,79.0,ETF,ETF
ðŸ”¹ Breakout: New Leader,UGL,34.66,88,93.0,97.0,89.0,ETF,ETF
ðŸ”¹ Breakout: New Leader,BKNG,5678.75,88,90.0,94.0,85.0,Consumer Cyclical,Travel Services
ðŸ”¹ Breakout: New Leader,MSB,32.2,88,54.0,96.0,85.0,Basic Materials,Steel
ðŸ”¹ Breakout: New Leader,FHI,48.86,88,83.0,87.0,68.0,Financial Services,Asset Management
ðŸ”¹ Breakout: New Leader,DFII,25.56,88,89.0,90.0,88.0,ETF,ETF
ðŸ”¹ Breakout: New Leader,AUMI,53.25,88,93.0,97.0,87.0,ETF,ETF
ðŸ”¹ Breakout: New Leader,RING,44.56,87,91.0,95.0,79.0,ETF,ETF
ðŸ”¹ Breakout: New Leader,ATGE,113.83,87,95.0,97.0,95.0,Consumer Defensive,Education & Training Services
ðŸ”¹ Breakout: New Leader,GOEX,44.41,87,92.0,95.0,79.0,ETF,ETF
ðŸ”¹ Breakout: New Leader,UTES,79.13,87,88.0,89.0,88.0,ETF,ETF
ðŸ”¹ Breakout: New Leader,SLM,32.79,87,91.0,92.0,91.0,Financial Services,Credit Services
ðŸ”¹ Breakout: New Leader,NFG,85.99,87,91.0,94.0,89.0,Energy,Oil & Gas Integrated
ðŸ”¹ Breakout: New Leader,GOAU,29.16,87,91.0,95.0,69.0,ETF,ETF
ðŸ”¹ Breakout: New Leader,CBNK,34.39,87,91.0,94.0,91.0,Financial Services,Banks - Regional
ðŸ”¹ Breakout: New Leader,EXEEW,112.52,87,92.0,91.0,89.0,Energy,Oil & Gas E&P
ðŸ”¹ Breakout: New Leader,CASY,525.04,87,89.0,93.0,86.0,Consumer Cyclical,Specialty Retail
ðŸ”¹ Breakout: New Leader,SGDJ,49.74,87,92.0,95.0,73.0,ETF,ETF
ðŸ”¹ Breakout: New Leader,GDXJ,66.12,87,92.0,95.0,76.0,ETF,ETF
ðŸ”¹ Breakout: New Leader,BETZ,23.99,87,90.0,85.0,75.0,ETF,ETF
ðŸ”¹ Breakout: New Leader,PPA,147.19,87,89.0,85.0,79.0,ETF,ETF
ðŸ”¹ Breakout: New Leader,KB,78.4,87,95.0,70.0,64.0,Financial Services,Banks - Regional
ðŸ”¹ Breakout: New Leader,AFK,21.1,87,87.0,87.0,68.0,ETF,ETF
ðŸ”¹ Breakout: New Leader,BABA,122.15,87,82.0,96.0,82.0,Consumer Cyclical,Internet Retail
ðŸ”¹ Breakout: New Leader,GCAD,43.27,87,89.0,79.0,78.0,ETF,ETF
ðŸ”¹ Breakout: New Leader,BAP,235.0,87,89.0,89.0,68.0,Financial Services,Banks - Regional
ðŸ”¹ Breakout: New Leader,UAE,20.32,87,85.0,90.0,82.0,ETF,ETF
ðŸ”¹ Breakout: New Leader,IDT,57.36,87,96.0,92.0,82.0,Communication Services,Telecom Services
ðŸ”¹ Breakout: New Leader,ERJ,47.39,87,95.0,96.0,94.0,Industrials,Aerospace & Defense
ðŸ”¹ Breakout: New Leader,CSV,45.4,86,92.0,92.0,91.0,Consumer Cyclical,Personal Services
ðŸ”¹ Breakout: New Leader,ISRA,52.03,86,90.0,88.0,86.0,ETF,ETF
ðŸ”¹ Breakout: New Leader,FDNI,34.67,86,87.0,90.0,83.0,ETF,ETF
ðŸ”¹ Breakout: New Leader,FTNT,104.88,86,90.0,96.0,94.0,Technology,Software - Infrastructure
ðŸ”¹ Breakout: New Leader,IRON,59.48,86,60.0,91.0,89.0,Healthcare,Biotechnology
ðŸ”¹ Breakout: New Leader,MISL,39.13,86,88.0,81.0,69.0,ETF,ETF
ðŸ”¹ Breakout: New Leader,IFS,35.71,86,93.0,96.0,87.0,Financial Services,Banks - Regional
ðŸ”¹ Breakout: New Leader,UGI,35.66,86,91.0,93.0,89.0,Utilities,Utilities - Regulated Gas
ðŸ”¹ Breakout: New Leader,CPER,34.79,86,73.0,81.0,50.0,ETF,ETF
ðŸ”¹ Breakout: New Leader,WHLRD,34.78,86,95.0,98.0,96.0,Real Estate,REIT - Retail
ðŸ”¹ Breakout: New Leader,GDX,52.59,86,91.0,95.0,74.0,ETF,ETF
ðŸ”¹ Breakout: New Leader,CHPY,54.7,86,91.0,91.0,87.0,ETF,ETF
ðŸ”¹ Breakout: New Leader,SFM,159.6,86,93.0,98.0,97.0,Consumer Defensive,Grocery Stores
ðŸ”¹ Breakout: New Leader,FXI,38.48,86,84.0,91.0,82.0,ETF,ETF
ðŸ”¹ Breakout: New Leader,CXSE,37.58,86,75.0,86.0,64.0,ETF,ETF
ðŸ”¹ Breakout: New Leader,BFC,125.96,86,90.0,92.0,79.0,Financial Services,Banks - Regional
ðŸ”¹ Breakout: New Leader,TGTX,35.99,86,92.0,99.0,95.0,Healthcare,Biotechnology
ðŸ”¹ Breakout: New Leader,ALNY,324.79,86,89.0,90.0,89.0,Healthcare,Biotechnology
ðŸ”¹ Breakout: New Leader,CM,73.9,85,88.0,88.0,78.0,Financial Services,Banks - Diversified
ðŸ”¹ Breakout: New Leader,TKO,170.74,85,93.0,96.0,94.0,Communication Services,Entertainment
ðŸ”¹ Breakout: New Leader,MCB,72.84,85,93.0,91.0,89.0,Financial Services,Banks - Regional
ðŸ”¹ Breakout: New Leader,FRAF,42.04,85,68.0,93.0,69.0,Financial Services,Banks - Regional
ðŸ”¹ Breakout: New Leader,ARVR,46.79,85,88.0,83.0,68.0,ETF,ETF
ðŸ”¹ Breakout: New Leader,EUFN,32.25,85,89.0,94.0,71.0,ETF,ETF
ðŸ”¹ Breakout: New Leader,FPA,35.97,85,88.0,81.0,51.0,ETF,ETF
ðŸ”¹ Breakout: New Leader,CBTA,32.14,85,88.0,89.0,86.0,ETF,ETF
ðŸ”¹ Breakout: New Leader,STHH,53.03,85,95.0,89.0,86.0,ETF,ETF
ðŸ”¹ Breakout: New Leader,IPI,35.17,85,94.0,96.0,83.0,Basic Materials,Agricultural Inputs
ðŸ”¹ Breakout: New Leader,WTS,252.2,85,88.0,74.0,55.0,Industrials,Specialty Industrial Machinery
ðŸ”¹ Breakout: New Leader,LENZ,31.51,85,91.0,94.0,81.0,Healthcare,Biotechnology
ðŸ”¹ Breakout: New Leader,KGRN,28.25,85,79.0,89.0,67.0,ETF,ETF
ðŸ”¹ Breakout: New Leader,PALU,26.13,85,88.0,87.0,86.0,ETF,ETF
ðŸ”¹ Breakout: New Leader,LRN,128.42,85,95.0,98.0,97.0,Consumer Defensive,Education & Training Services
ðŸ”¹ Breakout: New Leader,CDNS,333.76,84,71.0,86.0,69.0,Technology,Software - Application
ðŸ”¹ Breakout: New Leader,TTWO,226.1,84,92.0,97.0,84.0,Communication Services,Electronic Gaming & Multimedia
ðŸ”¹ Breakout: New Leader,UXAP,36.14,84,87.0,86.0,85.0,ETF,ETF
ðŸ”¹ Breakout: New Leader,IMAX,26.97,84,89.0,92.0,88.0,Communication Services,Entertainment
ðŸ”¹ Breakout: New Leader,FLCH,23.12,84,79.0,89.0,71.0,ETF,ETF
ðŸ”¹ Breakout: New Leader,NIC,133.58,84,90.0,92.0,88.0,Financial Services,Banks - Regional
ðŸ”¹ Breakout: New Leader,CCEP,98.16,84,79.0,92.0,60.0,Consumer Defensive,Beverages - Non-Alcoholic
ðŸ”¹ Breakout: New Leader,GDE,48.38,84,87.0,91.0,84.0,ETF,ETF
ðŸ”¹ Breakout: New Leader,EWS,27.18,84,84.0,91.0,78.0,ETF,ETF
ðŸ”¹ Breakout: New Leader,NTNX,74.28,84,84.0,89.0,84.0,Technology,Software - Infrastructure
ðŸ”¹ Breakout: New Leader,MCHI,58.7,84,79.0,89.0,72.0,ETF,ETF
ðŸ”¹ Breakout: New Leader,RPRX,37.06,84,90.0,89.0,75.0,Healthcare,Biotechnology
ðŸ”¹ Breakout: New Leader,PAC,222.46,84,90.0,90.0,73.0,Industrials,Airports & Air Services
ðŸ”¹ Breakout: New Leader,PAYC,236.44,84,88.0,94.0,71.0,Technology,Software - Application
ðŸ”¹ Breakout: New Leader,GILD,113.03,84,88.0,95.0,88.0,Healthcare,Drug Manufacturers - General
ðŸ”¹ Breakout: New Leader,CIB,43.77,84,89.0,91.0,85.0,Financial Services,Banks - Regional
ðŸ”¹ Breakout: New Leader,MRX,37.4,84,95.0,98.0,96.0,Financial Services,Capital Markets
ðŸ”¹ Breakout: New Leader,GRID,144.13,84,83.0,57.0,54.0,ETF,ETF
ðŸ”¹ Breakout: New Leader,GXC,93.3,83,76.0,87.0,67.0,ETF,ETF
ðŸ”¹ Breakout: New Leader,CQQQ,47.19,83,77.0,88.0,79.0,ETF,ETF
ðŸ”¹ Breakout: New Leader,SIVR,36.34,83,79.0,85.0,73.0,ETF,ETF
ðŸ”¹ Breakout: New Leader,TPTA,21.25,83,74.0,88.0,54.0,,
ðŸ”¹ Breakout: New Leader,DUOL,340.49,83,95.0,97.0,96.0,Technology,Software - Application
ðŸ”¹ Breakout: New Leader,RVNL,35.06,83,93.0,97.0,84.0,ETF,ETF
ðŸ”¹ Breakout: New Leader,MINV,32.83,83,76.0,68.0,59.0,ETF,ETF
ðŸ”¹ Breakout: New Leader,EWI,48.78,83,88.0,91.0,55.0,ETF,ETF
ðŸ”¹ Breakout: New Leader,SLV,34.64,83,79.0,85.0,73.0,ETF,ETF
ðŸ”¹ Breakout: New Leader,CGRO,28.01,83,77.0,89.0,77.0,ETF,ETF
ðŸ”¹ Breakout: New Leader,GVAL,27.81,83,85.0,92.0,52.0,ETF,ETF
ðŸ”¹ Breakout: New Leader,MCH,26.41,83,73.0,79.0,68.0,ETF,ETF
ðŸ”¹ Breakout: New Leader,DAX,44.24,83,90.0,93.0,72.0,ETF,ETF
ðŸ”¹ Breakout: New Leader,RBA,108.48,83,86.0,93.0,82.0,Industrials,Specialty Business Services
ðŸ”¹ Breakout: New Leader,MELI,2354.11,83,92.0,96.0,60.0,Consumer Cyclical,Internet Retail
ðŸ”¹ Breakout: New Leader,YGLD,34.03,83,91.0,96.0,64.0,ETF,ETF
ðŸ”¹ Breakout: New Leader,BMO,113.34,83,85.0,78.0,70.0,Financial Services,Banks - Diversified
ðŸ”¹ Breakout: New Leader,TXNM,56.85,83,88.0,94.0,84.0,Utilities,Utilities - Regulated Electric
ðŸ”¹ Breakout: New Leader,QCML,20.13,83,87.0,86.0,83.0,ETF,ETF
ðŸ”¹ Breakout: New Leader,SPR,41.6,82,81.0,83.0,61.0,Industrials,Aerospace & Defense
ðŸ”¹ Breakout: New Leader,GL,134.16,82,79.0,93.0,87.0,Financial Services,Insurance - Life
ðŸ”¹ Breakout: New Leader,AZTD,27.8,82,84.0,80.0,64.0,ETF,ETF
ðŸ”¹ Breakout: New Leader,FOWF,29.89,82,83.0,82.0,52.0,ETF,ETF
ðŸ”¹ Breakout: New Leader,TDG,1606.39,82,74.0,85.0,70.0,Industrials,Aerospace & Defense
ðŸ”¹ Breakout: New Leader,SFD,23.72,82,82.0,86.0,72.0,Consumer Defensive,Packaged Foods
ðŸ”¹ Breakout: New Leader,THMZ,31.0,82,87.0,89.0,83.0,ETF,ETF
ðŸ”¹ Breakout: New Leader,CIBR,74.31,82,88.0,87.0,83.0,ETF,ETF
ðŸ”¹ Breakout: New Leader,PAAS,28.51,82,88.0,89.0,87.0,Basic Materials,Gold
ðŸ”¹ Breakout: New Leader,FLGR,32.93,82,89.0,93.0,71.0,ETF,ETF
ðŸ”¹ Breakout: New Leader,IVRS,39.24,82,77.0,64.0,54.0,ETF,ETF
ðŸ”¹ Breakout: New Leader,EXEEL,96.29,82,95.0,93.0,91.0,Energy,Oil & Gas E&P
ðŸ”¹ Breakout: New Leader,KT,20.04,82,90.0,95.0,84.0,Communication Services,Telecom Services
ðŸ”¹ Breakout: New Leader,ETR,86.68,82,84.0,94.0,90.0,Utilities,Utilities - Regulated Electric
ðŸ”¹ Breakout: New Leader,TCHI,21.16,82,68.0,78.0,74.0,ETF,ETF
ðŸ”¹ Breakout: New Leader,PIZ,45.62,82,88.0,90.0,71.0,ETF,ETF
ðŸ”¹ Breakout: New Leader,FPXE,31.66,81,86.0,81.0,71.0,ETF,ETF
ðŸ”¹ Breakout: New Leader,DINT,26.4,81,82.0,83.0,55.0,ETF,ETF
ðŸ”¹ Breakout: New Leader,ONIT,38.35,81,92.0,94.0,89.0,Financial Services,Mortgage Finance
ðŸ”¹ Breakout: New Leader,KCAI,31.89,81,79.0,63.0,56.0,ETF,ETF
ðŸ”¹ Breakout: New Leader,EWG,41.67,81,89.0,93.0,70.0,ETF,ETF
ðŸ”¹ Breakout: New Leader,BPI,43.6,81,80.0,84.0,83.0,ETF,ETF
ðŸ”¹ Breakout: New Leader,EPR,56.7,81,88.0,87.0,54.0,Real Estate,REIT - Specialty
ðŸ”¹ Breakout: New Leader,WELL,158.29,81,84.0,95.0,89.0,Real Estate,REIT - Healthcare Facilities
ðŸ”¹ Breakout: New Leader,THFF,55.78,81,88.0,89.0,82.0,Financial Services,Banks - Regional
ðŸ”¹ Breakout: New Leader,IIIV,28.92,81,85.0,78.0,76.0,Technology,Software - Infrastructure
ðŸ”¹ Breakout: New Leader,GLTR,141.31,80,85.0,92.0,76.0,ETF,ETF
ðŸ”¹ Breakout: New Leader,UTG,37.5,80,81.0,85.0,77.0,Financial Services,Asset Management
ðŸ”¹ Breakout: New Leader,FDP,35.63,80,77.0,93.0,71.0,Consumer Defensive,Farm Products
ðŸ”¹ Breakout: New Leader,BFAP,24.1,80,83.0,85.0,82.0,ETF,ETF
ðŸ”¹ Breakout: New Leader,KWEB,36.0,80,73.0,83.0,69.0,ETF,ETF
ðŸ”¹ Breakout: New Leader,BKGI,38.54,80,87.0,92.0,58.0,ETF,ETF
ðŸ”¹ Breakout: New Leader,JIVE,70.2,80,84.0,88.0,53.0,ETF,ETF
ðŸ”¹ Breakout: New Leader,ASHS,31.59,80,67.0,74.0,51.0,ETF,ETF
ðŸ”¹ Breakout: New Leader,UTSL,39.27,80,77.0,85.0,84.0,ETF,ETF
ðŸ”¹ Breakout: New Leader,SONY,24.36,80,89.0,96.0,87.0,Technology,Consumer Electronics
ðŸ”¹ Breakout: New Leader,CEF,30.67,80,85.0,93.0,79.0,ETF,ETF
ðŸ”¹ Breakout: New Leader,RAYJ,31.33,80,86.0,84.0,69.0,ETF,ETF
ðŸ”¹ Breakout: New Leader,ISHP,40.48,80,81.0,85.0,83.0,ETF,ETF
ðŸ”¹ Breakout: New Leader,HG,21.33,80,76.0,86.0,82.0,Financial Services,Insurance - Reinsurance
ðŸ”¹ Breakout: New Leader,IDMO,50.98,80,86.0,89.0,60.0,ETF,ETF
ðŸ”¹ Breakout: New Leader,MKL,2011.91,80,83.0,88.0,84.0,Financial Services,Insurance - Property & Casualty
ðŸ”¹ Breakout: New Leader,EMCS,31.7,80,81.0,80.0,56.0,ETF,ETF
ðŸ”¹ Breakout: New Leader,ENDW,28.95,80,82.0,84.0,81.0,ETF,ETF
ðŸ”¹ Breakout: New Leader,CBOE,241.54,80,80.0,89.0,65.0,Financial Services,Financial Data & Stock Exchanges
ðŸ”¹ Breakout: New Leader,OPPE,47.28,80,83.0,88.0,58.0,ETF,ETF
ðŸ”¹ Breakout: New Leader,PTEC,39.61,80,76.0,79.0,74.0,ETF,ETF
