IndustryRank,Ticker,Price,Sector,Industry,RS Percentile,1M_RS Percentile,3M_RS Percentile,6M_RS Percentile,ATR,ADR
1,EVC,12.03,Communication Services,Advertising Agencies,98.0,96.0,98.0,98.0,0.7293,0.7293
2,QMMM,119.4,Communication Services,Advertising Agencies,98.0,40.0,29.0,28.0,0.0,0.0
3,STFS,12.57,Communication Services,Advertising Agencies,96.0,97.0,98.0,98.0,1.7322,1.5883
4,ADV,44.04,Communication Services,Advertising Agencies,93.0,90.0,96.0,96.0,3.5036,3.4879
5,ZD,50.42,Communication Services,Advertising Agencies,87.0,87.0,74.0,91.0,1.9286,1.9057
1,SIF,21.89,Industrials,Aerospace & Defense,98.0,66.0,95.0,98.0,1.6536,1.6164
2,DUKR,5.43,Industrials,Aerospace & Defense,98.0,5.0,2.0,98.0,0.7914,0.7807
3,ATRO,84.32,Industrials,Aerospace & Defense,96.0,95.0,94.0,96.0,5.0948,4.8834
4,PL,27.07,Industrials,Aerospace & Defense,96.0,0.0,6.0,87.0,2.8293,2.8279
5,DCO,177.66,Industrials,Aerospace & Defense,94.0,94.0,92.0,95.0,6.7479,6.54
1,SMG,69.91,Basic Materials,Agricultural Inputs,70.0,91.0,66.0,80.0,2.6821,2.4643
2,CF,105.7,Basic Materials,Agricultural Inputs,48.0,12.0,4.0,88.0,3.94,3.7329
3,UAN,109.48,Basic Materials,Agricultural Inputs,42.0,11.0,5.0,71.0,3.295,3.2764
4,IPI,34.59,Basic Materials,Agricultural Inputs,21.0,10.0,5.0,81.0,1.4371,1.3293
5,NTR,60.98,Basic Materials,Agricultural Inputs,15.0,10.0,6.0,22.0,1.5211,1.345
1,ULCC,7.85,Industrials,Airlines,95.0,97.0,97.0,94.0,0.5391,0.4736
2,ALGT,116.1,Industrials,Airlines,93.0,96.0,90.0,90.0,6.2121,5.5464
3,AAL,17.87,Industrials,Airlines,91.0,94.0,95.0,73.0,0.7614,0.6736
4,UAL,136.11,Industrials,Airlines,90.0,94.0,92.0,80.0,6.0236,5.2886
5,LUV,51.91,Industrials,Airlines,89.0,93.0,87.0,84.0,2.1386,1.8986
1,CAAP,25.54,Industrials,Airports & Air Services,66.0,25.0,30.0,26.0,1.1286,1.0818
2,PAC,252.9,Industrials,Airports & Air Services,43.0,75.0,43.0,18.0,8.4371,7.3871
3,OMAB,111.99,Industrials,Airports & Air Services,41.0,86.0,18.0,31.0,3.8264,3.4507
4,ASLE,6.55,Industrials,Airports & Air Services,21.0,69.0,48.0,17.0,0.2394,0.2394
5,ASR,308.43,Industrials,Airports & Air Services,15.0,63.0,11.0,19.0,10.0157,9.1221
1,KALU,187.17,Basic Materials,Aluminum,95.0,52.0,94.0,93.0,8.7171,8.2264
2,CENX,46.33,Basic Materials,Aluminum,91.0,2.0,14.0,79.0,3.6443,3.1343
3,AA,54.1,Basic Materials,Aluminum,85.0,2.0,13.0,40.0,3.6166,2.9452
1,VNCE,7.76,Consumer Cyclical,Apparel Manufacturing,98.0,98.0,98.0,95.0,0.8536,0.8421
2,JXG,10.65,Consumer Cyclical,Apparel Manufacturing,92.0,97.0,98.0,71.0,0.8143,0.65
3,ZGN,13.15,Consumer Cyclical,Apparel Manufacturing,87.0,13.0,88.0,84.0,0.5038,0.4638
4,GIII,34.06,Consumer Cyclical,Apparel Manufacturing,85.0,79.0,85.0,70.0,1.3743,1.3157
5,RL,411.16,Consumer Cyclical,Apparel Manufacturing,84.0,86.0,82.0,72.0,13.5493,12.0614
1,VSXY,88.5,Consumer Cyclical,Apparel Retail,97.0,98.0,96.0,94.0,4.0682,3.9589
2,GCO,36.18,Consumer Cyclical,Apparel Retail,89.0,27.0,84.0,94.0,2.3871,2.3071
3,ROST,213.26,Consumer Cyclical,Apparel Retail,83.0,12.0,26.0,77.0,6.515,6.1929
4,AEO,17.88,Consumer Cyclical,Apparel Retail,70.0,68.0,63.0,6.0,0.8807,0.8593
5,BURL,320.77,Consumer Cyclical,Apparel Retail,70.0,33.0,23.0,71.0,12.2814,11.6593
1,MAAS,12.77,Financial Services,Asset Management,97.0,85.0,97.0,97.0,2.989,2.989
2,KF,72.5,Financial Services,Asset Management,96.0,64.0,94.0,96.0,5.0714,3.7007
3,TWN,92.77,Financial Services,Asset Management,93.0,14.0,91.0,93.0,4.95,4.1293
4,AAMI,72.2,Financial Services,Asset Management,92.0,25.0,88.0,91.0,3.8599,3.2013
5,STK,51.17,Financial Services,Asset Management,90.0,15.0,88.0,89.0,2.4043,2.0493
1,RDNW,6.99,Consumer Cyclical,Auto & Truck Dealerships,93.0,7.0,55.0,86.0,0.545,0.5429
2,OPLN,42.9,Consumer Cyclical,Auto & Truck Dealerships,92.0,92.0,94.0,90.0,1.3236,1.2721
3,RUSHB,75.91,Consumer Cyclical,Auto & Truck Dealerships,84.0,91.0,79.0,86.0,2.3229,2.165
4,RUSHA,72.78,Consumer Cyclical,Auto & Truck Dealerships,80.0,63.0,60.0,86.0,2.3036,2.2114
5,SAH,84.51,Consumer Cyclical,Auto & Truck Dealerships,76.0,64.0,85.0,87.0,2.6286,2.5286
1,F,14.13,Consumer Cyclical,Auto Manufacturers,78.0,10.0,81.0,57.0,0.5486,0.5364
2,GM,78.1,Consumer Cyclical,Auto Manufacturers,76.0,15.0,41.0,20.0,2.7443,2.5914
3,RIVN,15.63,Consumer Cyclical,Auto Manufacturers,21.0,81.0,39.0,8.0,1.016,0.9917
4,HMC,26.83,Consumer Cyclical,Auto Manufacturers,18.0,47.0,58.0,15.0,0.6007,0.4
5,TSLA,379.71,Consumer Cyclical,Auto Manufacturers,18.0,8.0,36.0,9.0,17.74,16.5564
1,GTX,35.11,Consumer Cyclical,Auto Parts,96.0,77.0,96.0,96.0,1.2836,1.2265
2,MOD,255.99,Consumer Cyclical,Auto Parts,94.0,13.0,77.0,95.0,19.1236,17.6479
3,MKDW,11.58,Consumer Cyclical,Auto Parts,93.0,97.0,92.0,96.0,0.7328,0.7014
4,PLOW,53.89,Consumer Cyclical,Auto Parts,92.0,93.0,85.0,93.0,1.6186,1.5293
5,BWA,68.11,Consumer Cyclical,Auto Parts,91.0,22.0,83.0,92.0,2.9736,2.7921
1,BMO,175.1,Financial Services,Banks - Diversified,89.0,83.0,88.0,88.0,2.8864,2.6764
2,TD,119.62,Financial Services,Banks - Diversified,89.0,82.0,86.0,85.0,1.7836,1.6386
3,C,141.76,Financial Services,Banks - Diversified,88.0,90.0,85.0,78.0,3.6514,3.3071
4,RY,202.85,Financial Services,Banks - Diversified,86.0,83.0,85.0,78.0,2.7407,2.6557
5,BNS,86.16,Financial Services,Banks - Diversified,86.0,82.0,84.0,77.0,1.275,1.2136
1,CARE,33.6,Financial Services,Banks - Regional,93.0,95.0,93.0,94.0,0.8014,0.7993
2,MSBI,31.22,Financial Services,Banks - Regional,92.0,89.0,91.0,91.0,0.8331,0.8188
3,PGC,47.99,Financial Services,Banks - Regional,92.0,88.0,90.0,94.0,1.31,1.2979
4,CMTV,39.52,Financial Services,Banks - Regional,92.0,76.0,82.0,93.0,2.3821,2.2379
5,BYFC,10.38,Financial Services,Banks - Regional,91.0,89.0,89.0,95.0,0.4007,0.3529
1,BUD,85.09,Consumer Defensive,Beverages - Brewers,85.0,66.0,84.0,88.0,1.5621,1.2729
2,FMX,128.87,Consumer Defensive,Beverages - Brewers,82.0,79.0,80.0,85.0,3.3514,3.2879
3,STZ,146.3,Consumer Defensive,Beverages - Brewers,27.0,68.0,16.0,54.0,3.9486,3.8893
4,CCU,11.39,Consumer Defensive,Beverages - Brewers,19.0,17.0,49.0,16.0,0.3971,0.3757
5,TAP,41.48,Consumer Defensive,Beverages - Brewers,15.0,38.0,19.0,16.0,1.08,1.0507
1,COCO,73.71,Consumer Defensive,Beverages - Non-Alcoholic,93.0,16.0,91.0,89.0,3.9498,3.9455
2,MNST,96.38,Consumer Defensive,Beverages - Non-Alcoholic,89.0,84.0,89.0,83.0,1.8207,1.7936
3,COKE,188.03,Consumer Defensive,Beverages - Non-Alcoholic,86.0,81.0,45.0,74.0,7.06,6.8564
4,PRMB,24.95,Consumer Defensive,Beverages - Non-Alcoholic,82.0,68.0,90.0,92.0,0.7857,0.7407
5,KDP,33.4,Consumer Defensive,Beverages - Non-Alcoholic,78.0,88.0,85.0,79.0,0.8357,0.7871
1,AGCC,14.9,Consumer Defensive,Beverages - Wineries & Distilleries,93.0,5.0,16.0,89.0,1.2722,1.2358
2,DEO,83.51,Consumer Defensive,Beverages - Wineries & Distilleries,22.0,23.0,68.0,25.0,1.6886,1.4593
3,MGPI,17.13,Consumer Defensive,Beverages - Wineries & Distilleries,6.0,16.0,12.0,7.0,0.5821,0.5729
1,ABSI,10.89,Healthcare,Biotechnology,98.0,98.0,98.0,98.0,1.1199,0.9911
2,NVCT,27.19,Healthcare,Biotechnology,98.0,98.0,98.0,98.0,2.1028,2.0951
3,ASBP,6.0,Healthcare,Biotechnology,98.0,96.0,98.0,93.0,0.9198,0.9112
4,DFTX,44.95,Healthcare,Biotechnology,98.0,98.0,97.0,98.0,3.5294,2.5494
5,SLS,12.39,Healthcare,Biotechnology,98.0,97.0,97.0,98.0,0.8436,0.8121
1,BBGI,26.5,Communication Services,Broadcasting,98.0,98.0,98.0,98.0,2.7279,2.5929
2,CAST,7.65,Communication Services,Broadcasting,75.0,98.0,95.0,,1.905,1.6286
3,SBGI,13.8,Communication Services,Broadcasting,23.0,29.0,46.0,16.0,0.5357,0.535
4,NMAX,7.49,Communication Services,Broadcasting,13.0,22.0,84.0,13.0,0.5731,0.5617
5,NXST,164.0,Communication Services,Broadcasting,8.0,9.0,3.0,10.0,6.9343,6.8714
1,RMIX,21.24,Basic Materials,Building Materials,95.0,96.0,,,1.9371,1.9136
2,CPAC,12.03,Basic Materials,Building Materials,90.0,91.0,77.0,77.0,0.3721,0.2914
3,JHX,26.63,Basic Materials,Building Materials,86.0,93.0,91.0,85.0,1.1071,1.0186
4,TTAM,19.32,Basic Materials,Building Materials,85.0,93.0,86.0,72.0,0.6464,0.6071
5,EXP,233.83,Basic Materials,Building Materials,73.0,85.0,85.0,64.0,8.9564,8.2929
1,JLHL,14.11,Industrials,Building Products & Equipment,98.0,1.0,97.0,98.0,10.5522,10.3055
2,AAON,126.78,Industrials,Building Products & Equipment,92.0,12.0,93.0,94.0,7.8157,7.1679
3,ASPN,5.63,Industrials,Building Products & Equipment,89.0,9.0,94.0,96.0,0.3856,0.3799
4,APOG,48.92,Industrials,Building Products & Equipment,86.0,96.0,92.0,87.0,2.0657,1.9457
5,GFF,96.42,Industrials,Building Products & Equipment,86.0,87.0,89.0,86.0,3.8071,3.5143
1,EBF,21.89,Industrials,Business Equipment & Supplies,66.0,82.0,36.0,81.0,0.5421,0.5229
1,HUT,123.02,Financial Services,Capital Markets,98.0,77.0,97.0,97.0,10.901,10.6596
2,WULF,25.83,Financial Services,Capital Markets,97.0,24.0,95.0,96.0,2.2814,2.1693
3,BGDE,8.77,Financial Services,Capital Markets,96.0,97.0,98.0,95.0,1.2671,1.1664
4,RIOT,28.57,Financial Services,Capital Markets,96.0,81.0,97.0,96.0,2.1481,2.0716
5,PURR,8.74,Financial Services,Capital Markets,96.0,77.0,95.0,97.0,0.8853,0.7367
1,GPRE,15.09,Basic Materials,Chemicals,91.0,23.0,11.0,92.0,0.6571,0.6421
2,REX,44.12,Basic Materials,Chemicals,85.0,11.0,22.0,86.0,1.4479,1.4293
3,RYAM,8.0,Basic Materials,Chemicals,80.0,9.0,2.0,90.0,0.4457,0.4086
4,TROX,6.69,Basic Materials,Chemicals,72.0,7.0,3.0,93.0,0.4964,0.4579
5,MEOH,48.12,Basic Materials,Chemicals,58.0,5.0,5.0,80.0,2.2436,2.0179
1,HCC,81.28,Basic Materials,Coking Coal,74.0,6.0,7.0,17.0,4.2064,4.005
2,SXC,8.39,Basic Materials,Coking Coal,73.0,14.0,85.0,77.0,0.3457,0.3386
3,AMR,165.25,Basic Materials,Coking Coal,25.0,5.0,3.0,10.0,10.3854,9.7556
4,METCB,9.35,Basic Materials,Coking Coal,13.0,4.0,9.0,15.0,0.8388,0.8251
5,METC,12.56,Basic Materials,Coking Coal,8.0,5.0,10.0,8.0,0.945,0.9171
1,OCC,18.37,Technology,Communication Equipment,98.0,96.0,96.0,98.0,3.8864,3.55
2,AAOI,135.69,Technology,Communication Equipment,98.0,3.0,90.0,98.0,21.2364,19.6382
3,LITE,816.98,Technology,Communication Equipment,98.0,12.0,77.0,96.0,75.9161,70.1493
4,WATT,23.04,Technology,Communication Equipment,97.0,8.0,91.0,98.0,2.3763,2.2299
5,VIAV,47.63,Technology,Communication Equipment,97.0,11.0,90.0,97.0,4.4329,4.1264
1,ALOT,28.47,Technology,Computer Hardware,98.0,98.0,98.0,98.0,1.4514,0.6129
2,SNDK,2090.71,Technology,Computer Hardware,98.0,96.0,98.0,98.0,217.247,166.3588
3,WDC,586.45,Technology,Computer Hardware,98.0,88.0,97.0,98.0,64.4964,49.2186
4,STX,899.9,Technology,Computer Hardware,98.0,74.0,97.0,98.0,85.5014,73.1136
5,DELL,399.49,Technology,Computer Hardware,97.0,96.0,97.0,98.0,30.6521,28.5193
1,MDLZ,60.79,Consumer Defensive,Confectioners,38.0,29.0,48.0,70.0,1.44,1.3529
2,TR,38.04,Consumer Defensive,Confectioners,28.0,61.0,11.0,53.0,1.1771,1.1014
3,HSY,179.11,Consumer Defensive,Confectioners,15.0,12.0,7.0,26.0,5.4693,5.0793
1,MAMK,13.16,Industrials,Conglomerates,96.0,40.0,29.0,28.0,0.0,0.0
2,FBYD,16.03,Industrials,Conglomerates,94.0,85.0,96.0,21.0,1.4847,1.4819
3,TTI,10.87,Industrials,Conglomerates,94.0,78.0,86.0,75.0,0.4843,0.475
4,CODI,10.41,Industrials,Conglomerates,93.0,11.0,93.0,96.0,0.5243,0.4879
5,VMI,568.75,Industrials,Conglomerates,91.0,85.0,91.0,89.0,21.9071,19.9014
1,ROMA,7.28,Industrials,Consulting Services,96.0,91.0,4.0,98.0,0.9329,0.9279
2,AERT,7.25,Industrials,Consulting Services,95.0,94.0,98.0,93.0,1.0027,0.9439
3,EGG,7.82,Industrials,Consulting Services,93.0,5.0,91.0,95.0,0.9832,0.9507
4,EFTY,15.02,Industrials,Consulting Services,91.0,40.0,29.0,28.0,0.0,0.0
5,FORR,7.81,Industrials,Consulting Services,51.0,90.0,88.0,66.0,0.5179,0.5179
1,WTO,6.21,Technology,Consumer Electronics,82.0,98.0,97.0,95.0,0.9339,0.6101
2,AAPL,283.78,Technology,Consumer Electronics,72.0,13.0,65.0,51.0,9.2186,8.8157
3,SONO,13.57,Technology,Consumer Electronics,34.0,7.0,49.0,8.0,0.7164,0.7007
4,TBCH,12.4,Technology,Consumer Electronics,18.0,28.0,63.0,16.0,0.7595,0.7374
5,AXIL,6.22,Technology,Consumer Electronics,15.0,10.0,8.0,10.0,0.347,0.3086
1,HBM,23.3,Basic Materials,Copper,92.0,9.0,83.0,77.0,1.6686,1.3929
2,TGB,6.45,Basic Materials,Copper,90.0,14.0,63.0,75.0,0.4379,0.3964
3,FCX,62.45,Basic Materials,Copper,86.0,32.0,64.0,80.0,3.0336,2.5443
4,SCCO,171.26,Basic Materials,Copper,86.0,13.0,56.0,77.0,9.1557,7.845
5,ERO,26.57,Basic Materials,Copper,81.0,17.0,55.0,24.0,1.7796,1.5522
1,SEZL,170.56,Financial Services,Credit Services,96.0,98.0,97.0,97.0,11.0649,10.292
2,ATLC,110.41,Financial Services,Credit Services,95.0,95.0,97.0,93.0,5.8143,5.6743
3,ENVA,231.04,Financial Services,Credit Services,94.0,97.0,95.0,90.0,7.6974,7.4967
4,ECPG,90.62,Financial Services,Credit Services,94.0,88.0,86.0,94.0,2.8093,2.75
5,EZPW,32.52,Financial Services,Credit Services,93.0,27.0,86.0,93.0,1.695,1.6871
1,M,25.96,Consumer Cyclical,Department Stores,92.0,95.0,90.0,74.0,1.0971,1.0114
2,KSS,19.26,Consumer Cyclical,Department Stores,91.0,98.0,92.0,16.0,1.0686,1.0329
3,DDS,577.96,Consumer Cyclical,Department Stores,53.0,31.0,45.0,18.0,24.4436,23.7507
4,PLBL,7.83,Consumer Cyclical,Department Stores,9.0,80.0,10.0,8.0,1.2157,1.1846
1,TWST,99.84,Healthcare,Diagnostics & Research,97.0,98.0,97.0,97.0,6.2029,5.8421
2,BDSX,23.34,Healthcare,Diagnostics & Research,97.0,98.0,94.0,98.0,1.6466,1.5281
3,GH,149.22,Healthcare,Diagnostics & Research,96.0,93.0,95.0,91.0,6.8686,6.5314
4,VCYT,60.49,Healthcare,Diagnostics & Research,95.0,97.0,96.0,90.0,2.6276,2.5124
5,PSNL,13.02,Healthcare,Diagnostics & Research,95.0,97.0,95.0,93.0,0.969,0.9247
1,PSMT,196.25,Consumer Defensive,Discount Stores,92.0,92.0,89.0,93.0,5.0457,4.9243
2,TBBB,41.99,Consumer Defensive,Discount Stores,88.0,92.0,83.0,82.0,1.442,1.4406
3,TGT,140.39,Consumer Defensive,Discount Stores,88.0,86.0,79.0,91.0,4.2621,3.9571
4,DLTR,123.87,Consumer Defensive,Discount Stores,75.0,96.0,75.0,49.0,4.9964,4.7236
5,WMT,115.69,Consumer Defensive,Discount Stores,47.0,28.0,13.0,51.0,2.6264,2.595
1,OGN,13.5,Healthcare,Drug Manufacturers - General,94.0,63.0,97.0,95.0,0.0553,0.0531
2,LLY,1208.12,Healthcare,Drug Manufacturers - General,89.0,89.0,89.0,70.0,38.1007,37.1364
3,SCLX,7.11,Healthcare,Drug Manufacturers - General,88.0,98.0,95.0,14.0,0.7565,0.7129
4,BIIB,216.03,Healthcare,Drug Manufacturers - General,87.0,87.0,67.0,83.0,6.9343,6.6543
5,MRK,128.66,Healthcare,Drug Manufacturers - General,86.0,82.0,55.0,82.0,3.2979,3.0629
1,LQDA,78.17,Healthcare,Drug Manufacturers - Specialty & Generic,98.0,95.0,97.0,97.0,4.3429,4.1393
2,BIOA,23.76,Healthcare,Drug Manufacturers - Specialty & Generic,97.0,97.0,92.0,95.0,1.5314,1.5279
3,AKAN,14.08,Healthcare,Drug Manufacturers - Specialty & Generic,96.0,1.0,98.0,67.0,2.5224,2.1981
4,CPIX,6.75,Healthcare,Drug Manufacturers - Specialty & Generic,96.0,91.0,97.0,93.0,0.3357,0.335
5,ALKS,55.08,Healthcare,Drug Manufacturers - Specialty & Generic,95.0,97.0,96.0,96.0,2.0964,1.9829
1,SNXX,36.5,ETF,ETF,98.0,98.0,98.0,,7.5694,5.7394
2,MRVU,186.57,ETF,ETF,98.0,98.0,98.0,,46.3686,38.065
3,DLLL,20.89,ETF,ETF,98.0,98.0,98.0,98.0,3.31,3.0545
4,OSCG,28.84,ETF,ETF,98.0,98.0,98.0,98.0,2.6597,2.2091
5,OSCX,112.11,ETF,ETF,98.0,98.0,98.0,97.0,10.4255,8.6709
1,LINC,49.89,Consumer Defensive,Education & Training Services,94.0,75.0,81.0,96.0,2.3857,2.3857
2,FC,24.84,Consumer Defensive,Education & Training Services,89.0,76.0,94.0,91.0,1.2779,1.2507
3,APEI,54.51,Consumer Defensive,Education & Training Services,86.0,78.0,14.0,91.0,2.1457,2.1457
4,UTI,41.59,Consumer Defensive,Education & Training Services,83.0,80.0,59.0,92.0,2.2664,2.0193
5,JDZG,50.0,Consumer Defensive,Education & Training Services,82.0,97.0,98.0,0.0,0.0,0.0
1,FCEL,24.0,Industrials,Electrical Equipment & Parts,98.0,65.0,98.0,97.0,3.5721,3.4893
2,BE,252.02,Industrials,Electrical Equipment & Parts,98.0,7.0,96.0,97.0,32.0013,28.572
3,RFIL,21.43,Industrials,Electrical Equipment & Parts,97.0,88.0,97.0,98.0,2.2407,2.1671
4,POWL,279.77,Industrials,Electrical Equipment & Parts,97.0,18.0,94.0,97.0,22.8721,20.8014
5,TE,8.21,Industrials,Electrical Equipment & Parts,97.0,3.0,87.0,75.0,1.1168,1.0939
1,VICR,326.93,Technology,Electronic Components,98.0,18.0,97.0,97.0,28.155,24.7329
2,OPTX,10.56,Technology,Electronic Components,98.0,9.0,89.0,98.0,1.6438,1.6281
3,MEI,19.16,Technology,Electronic Components,97.0,98.0,98.0,97.0,1.4764,1.2929
4,FLEX,146.7,Technology,Electronic Components,97.0,60.0,97.0,97.0,10.7314,9.7836
5,TTMI,191.49,Technology,Electronic Components,97.0,58.0,96.0,97.0,16.1079,13.8964
1,FIRY,9.52,Communication Services,Electronic Gaming & Multimedia,97.0,80.0,98.0,96.0,0.8621,0.8559
2,DDI,11.45,Communication Services,Electronic Gaming & Multimedia,84.0,23.0,88.0,88.0,0.3211,0.2782
3,EA,205.25,Communication Services,Electronic Gaming & Multimedia,63.0,70.0,34.0,39.0,1.0386,0.9321
4,GRVY,67.29,Communication Services,Electronic Gaming & Multimedia,59.0,83.0,56.0,79.0,3.085,3.0257
5,TTWO,238.53,Communication Services,Electronic Gaming & Multimedia,53.0,86.0,82.0,22.0,9.1579,8.7464
1,SNX,266.27,Technology,Electronics & Computer Distribution,94.0,84.0,95.0,95.0,11.4971,11.2543
2,ARW,215.15,Technology,Electronics & Computer Distribution,93.0,37.0,93.0,96.0,8.05,7.1214
3,AVT,86.37,Technology,Electronics & Computer Distribution,92.0,39.0,91.0,95.0,3.1907,2.8421
4,NSIT,119.49,Technology,Electronics & Computer Distribution,88.0,92.0,95.0,91.0,5.105,5.0964
5,SCSC,50.87,Technology,Electronics & Computer Distribution,84.0,89.0,90.0,86.0,1.4343,1.41
1,VATE,19.31,Industrials,Engineering & Construction,98.0,95.0,98.0,98.0,1.9143,1.9143
2,CDNL,92.0,Industrials,Engineering & Construction,98.0,98.0,97.0,98.0,6.6781,6.6131
3,AGX,765.46,Industrials,Engineering & Construction,97.0,90.0,96.0,97.0,52.9029,47.5993
4,STRL,804.76,Industrials,Engineering & Construction,97.0,73.0,96.0,97.0,68.78,62.9157
5,MYRG,477.95,Industrials,Engineering & Construction,96.0,65.0,95.0,96.0,24.6929,23.3357
1,SPHR,169.85,Communication Services,Entertainment,97.0,96.0,93.0,95.0,7.6882,7.6644
2,STRZ,28.98,Communication Services,Entertainment,96.0,96.0,97.0,97.0,1.7814,1.7814
3,MSGE,80.3,Communication Services,Entertainment,93.0,91.0,91.0,92.0,2.61,2.5398
4,MCS,24.89,Communication Services,Entertainment,92.0,96.0,92.0,94.0,0.8957,0.8764
5,MSGS,392.98,Communication Services,Entertainment,92.0,83.0,84.0,92.0,11.7466,11.6399
1,CAT,997.47,Industrials,Farm & Heavy Construction Machinery,95.0,86.0,91.0,94.0,42.5136,30.9543
2,WNC,14.05,Industrials,Farm & Heavy Construction Machinery,91.0,98.0,93.0,93.0,0.9479,0.8621
3,BLBD,78.81,Industrials,Farm & Heavy Construction Machinery,91.0,88.0,90.0,92.0,2.785,2.5625
4,TEX,71.81,Industrials,Farm & Heavy Construction Machinery,87.0,94.0,82.0,87.0,3.3936,3.0257
5,ASTE,61.07,Industrials,Farm & Heavy Construction Machinery,84.0,94.0,72.0,88.0,2.4729,2.2993
1,ADM,76.79,Consumer Defensive,Farm Products,80.0,23.0,50.0,88.0,2.2436,2.1464
2,ALCO,41.81,Consumer Defensive,Farm Products,73.0,48.0,45.0,74.0,0.7843,0.7343
3,BG,110.54,Consumer Defensive,Farm Products,70.0,13.0,8.0,84.0,3.8814,3.6114
4,AFRI,10.2,Consumer Defensive,Farm Products,65.0,68.0,57.0,22.0,0.2466,0.2366
5,TSN,58.55,Consumer Defensive,Farm Products,32.0,10.0,12.0,42.0,1.3514,1.2343
1,RILYP,13.73,Financial Services,Financial Conglomerates,97.0,5.0,76.0,97.0,0.6394,0.5985
2,RILYL,14.22,Financial Services,Financial Conglomerates,97.0,6.0,73.0,97.0,0.6461,0.6106
3,RILY,7.55,Financial Services,Financial Conglomerates,91.0,2.0,48.0,94.0,0.64,0.6229
4,IX,38.28,Financial Services,Financial Conglomerates,90.0,39.0,86.0,86.0,0.815,0.5657
5,VOYA,91.14,Financial Services,Financial Conglomerates,83.0,90.0,88.0,80.0,2.4193,2.3471
1,VALU,38.88,Financial Services,Financial Data & Stock Exchanges,46.0,93.0,55.0,40.0,1.2457,1.1586
2,MSCI,554.85,Financial Services,Financial Data & Stock Exchanges,25.0,14.0,43.0,21.0,17.4393,17.1521
3,MKTW,16.96,Financial Services,Financial Data & Stock Exchanges,21.0,23.0,10.0,79.0,0.6057,0.5818
4,MCO,450.01,Financial Services,Financial Data & Stock Exchanges,18.0,45.0,44.0,14.0,12.66,12.0736
5,CBOE,242.21,Financial Services,Financial Data & Stock Exchanges,16.0,1.0,8.0,21.0,13.4043,13.3764
1,CHEF,95.92,Consumer Defensive,Food Distribution,92.0,95.0,94.0,92.0,3.2207,3.1221
2,UNFI,49.13,Consumer Defensive,Food Distribution,91.0,18.0,57.0,91.0,2.9979,2.66
3,WILC,32.22,Consumer Defensive,Food Distribution,90.0,11.0,84.0,73.0,1.2014,0.94
4,ANDE,71.08,Consumer Defensive,Food Distribution,89.0,35.0,18.0,87.0,2.2914,2.145
5,PFGC,110.44,Consumer Defensive,Food Distribution,80.0,91.0,87.0,82.0,2.7092,2.6885
1,DBI,6.24,Consumer Cyclical,Footwear & Accessories,91.0,4.0,61.0,12.0,0.6093,0.5286
2,RCKY,41.28,Consumer Cyclical,Footwear & Accessories,88.0,84.0,55.0,89.0,1.4607,1.4393
3,SHOO,43.22,Consumer Cyclical,Footwear & Accessories,87.0,42.0,87.0,42.0,1.805,1.715
4,WEYS,38.03,Consumer Cyclical,Footwear & Accessories,77.0,79.0,76.0,79.0,1.4736,1.4086
5,BIRK,44.42,Consumer Cyclical,Footwear & Accessories,57.0,76.0,85.0,50.0,2.3269,2.2669
1,XMAX,8.79,Consumer Cyclical,"Furnishings, Fixtures & Appliances",96.0,81.0,81.0,91.0,0.3729,0.3707
2,COOK,79.3,Consumer Cyclical,"Furnishings, Fixtures & Appliances",95.0,95.0,98.0,92.0,7.7743,7.3456
3,LCUT,7.61,Consumer Cyclical,"Furnishings, Fixtures & Appliances",95.0,5.0,94.0,96.0,0.6607,0.6579
4,FLXS,72.91,Consumer Cyclical,"Furnishings, Fixtures & Appliances",94.0,96.0,94.0,95.0,3.0993,2.995
5,HOFT,17.1,Consumer Cyclical,"Furnishings, Fixtures & Appliances",91.0,96.0,92.0,92.0,1.1543,0.9457
1,ROLR,5.95,Consumer Cyclical,Gambling,96.0,81.0,94.0,98.0,0.7557,0.7414
2,RSI,31.56,Consumer Cyclical,Gambling,93.0,92.0,92.0,94.0,1.3873,1.3626
3,MRDN,13.29,Consumer Cyclical,Gambling,86.0,96.0,95.0,89.0,1.2236,1.2093
4,SGHC,13.77,Consumer Cyclical,Gambling,80.0,82.0,87.0,74.0,0.5802,0.5791
5,CDRO,9.64,Consumer Cyclical,Gambling,79.0,75.0,68.0,79.0,0.3579,0.3511
1,HYMC,23.74,Basic Materials,Gold,97.0,2.0,3.0,14.0,2.1394,1.8737
2,AUGO,64.08,Basic Materials,Gold,92.0,7.0,15.0,83.0,4.5936,3.8619
3,MAKO,7.47,Basic Materials,Gold,90.0,10.0,84.0,84.0,0.4764,0.425
4,SSRM,29.38,Basic Materials,Gold,90.0,36.0,78.0,85.0,1.8186,1.5043
5,IDR,34.17,Basic Materials,Gold,89.0,14.0,87.0,7.0,2.8053,2.6174
1,IMKTA,89.39,Consumer Defensive,Grocery Stores,78.0,56.0,35.0,85.0,2.4007,2.3621
2,WMK,80.09,Consumer Defensive,Grocery Stores,72.0,86.0,78.0,81.0,2.5307,2.3271
3,NGVC,32.11,Consumer Defensive,Grocery Stores,59.0,84.0,84.0,84.0,1.1243,1.055
4,VLGEA,42.2,Consumer Defensive,Grocery Stores,56.0,11.0,32.0,77.0,1.3036,1.245
5,GO,9.92,Consumer Defensive,Grocery Stores,42.0,94.0,90.0,24.0,0.4793,0.4613
1,TXG,36.75,Healthcare,Health Information Services,96.0,97.0,96.0,97.0,2.5472,2.3829
2,BTSG,68.98,Healthcare,Health Information Services,96.0,91.0,94.0,95.0,2.1235,1.9628
3,BTSGU,227.96,Healthcare,Health Information Services,96.0,90.0,94.0,95.0,7.2457,5.0704
4,HNGE,78.97,Healthcare,Health Information Services,94.0,98.0,96.0,93.0,3.7153,3.6681
5,AMWL,9.19,Healthcare,Health Information Services,93.0,76.0,95.0,96.0,0.532,0.5302
1,CLOV,5.41,Healthcare,Healthcare Plans,96.0,98.0,98.0,96.0,0.3424,0.3192
2,OSCR,29.79,Healthcare,Healthcare Plans,96.0,97.0,97.0,96.0,1.7927,1.7813
3,HUM,383.84,Healthcare,Healthcare Plans,94.0,95.0,97.0,92.0,12.3693,12.2836
4,CNC,65.73,Healthcare,Healthcare Plans,94.0,89.0,96.0,94.0,2.4857,2.4114
5,UNH,427.89,Healthcare,Healthcare Plans,90.0,89.0,94.0,87.0,9.7171,9.465
1,HVT,25.81,Consumer Cyclical,Home Improvement Retail,75.0,85.0,80.0,63.0,0.8257,0.7914
2,HD,348.86,Consumer Cyclical,Home Improvement Retail,22.0,87.0,50.0,41.0,9.2164,8.3743
3,FND,59.61,Consumer Cyclical,Home Improvement Retail,16.0,94.0,68.0,21.0,3.1304,2.9838
4,LOW,222.48,Consumer Cyclical,Home Improvement Retail,15.0,72.0,13.0,18.0,6.3771,5.7171
5,LIVE,10.69,Consumer Cyclical,Home Improvement Retail,9.0,37.0,5.0,6.0,0.6343,0.55
1,HELE,28.38,Consumer Defensive,Household & Personal Products,91.0,76.0,96.0,90.0,1.7007,1.6893
2,NWL,5.82,Consumer Defensive,Household & Personal Products,90.0,98.0,95.0,93.0,0.3921,0.3879
3,SPB,87.49,Consumer Defensive,Household & Personal Products,90.0,90.0,73.0,91.0,2.5614,2.3779
4,EPC,27.72,Consumer Defensive,Household & Personal Products,88.0,98.0,88.0,94.0,1.5179,1.3707
5,MAGN,12.52,Consumer Defensive,Household & Personal Products,72.0,89.0,90.0,13.0,0.5071,0.4993
1,XMTR,94.37,Industrials,Industrial Distribution,96.0,47.0,97.0,92.0,4.6975,4.4446
2,WCC,347.33,Industrials,Industrial Distribution,91.0,17.0,87.0,89.0,14.6093,12.7343
3,DXPE,163.36,Industrials,Industrial Distribution,90.0,86.0,78.0,90.0,7.0736,6.4486
4,MSM,118.18,Industrials,Industrial Distribution,87.0,87.0,88.0,88.0,3.0457,2.7929
5,AIT,337.08,Industrials,Industrial Distribution,86.0,84.0,86.0,86.0,9.1329,8.1786
1,WYY,16.72,Technology,Information Technology Services,98.0,98.0,98.0,97.0,1.9479,1.815
2,KEEL,6.03,Technology,Information Technology Services,98.0,86.0,98.0,97.0,0.7266,0.6974
3,MGRT,77.11,Technology,Information Technology Services,98.0,13.0,98.0,98.0,8.1921,7.865
4,CHRN,22.23,Technology,Information Technology Services,98.0,98.0,97.0,98.0,3.1006,2.9906
5,QXL,5.69,Technology,Information Technology Services,97.0,95.0,98.0,98.0,0.7785,0.7188
1,PLGO,24.74,Financial Services,Insurance - Diversified,88.0,89.0,86.0,85.0,0.6791,0.6302
2,SLF,77.89,Financial Services,Insurance - Diversified,81.0,79.0,84.0,83.0,1.1857,1.0886
3,AEG,8.4,Financial Services,Insurance - Diversified,71.0,26.0,79.0,65.0,0.1464,0.1071
4,IGIC,26.86,Financial Services,Insurance - Diversified,65.0,86.0,67.0,53.0,0.7067,0.6596
5,ACGL,97.54,Financial Services,Insurance - Diversified,47.0,82.0,43.0,39.0,1.8321,1.6786
1,CIA,6.38,Financial Services,Insurance - Life,89.0,95.0,90.0,84.0,0.2971,0.2971
2,ABX,9.91,Financial Services,Insurance - Life,88.0,81.0,65.0,77.0,0.392,0.3699
3,GL,179.31,Financial Services,Insurance - Life,85.0,92.0,86.0,84.0,3.7764,3.5357
4,CNO,52.52,Financial Services,Insurance - Life,85.0,90.0,86.0,80.0,0.9964,0.9107
5,MFC,40.29,Financial Services,Insurance - Life,78.0,76.0,75.0,65.0,0.7329,0.7014
1,UFCS,52.55,Financial Services,Insurance - Property & Casualty,92.0,92.0,91.0,90.0,1.4964,1.3886
2,PRCH,13.89,Financial Services,Insurance - Property & Casualty,91.0,97.0,96.0,92.0,0.7576,0.7569
3,DGICB,24.0,Financial Services,Insurance - Property & Casualty,89.0,96.0,91.0,90.0,1.9171,1.4214
4,UVE,41.13,Financial Services,Insurance - Property & Casualty,87.0,84.0,80.0,77.0,1.2329,1.09
5,MCY,107.47,Financial Services,Insurance - Property & Casualty,85.0,84.0,81.0,71.0,2.8871,2.8329
1,HG,33.55,Financial Services,Insurance - Reinsurance,84.0,86.0,72.0,78.0,0.8391,0.7777
2,RNR,319.59,Financial Services,Insurance - Reinsurance,75.0,87.0,55.0,72.0,7.3707,6.8614
3,SPNT,23.85,Financial Services,Insurance - Reinsurance,74.0,80.0,65.0,57.0,0.7257,0.675
4,GLRE,16.73,Financial Services,Insurance - Reinsurance,62.0,71.0,17.0,72.0,0.5121,0.4871
5,RGA,215.28,Financial Services,Insurance - Reinsurance,54.0,76.0,47.0,51.0,4.9314,4.72
1,ITIC,274.24,Financial Services,Insurance - Specialty,77.0,90.0,85.0,64.0,6.6371,6.055
2,EIG,50.74,Financial Services,Insurance - Specialty,77.0,92.0,84.0,78.0,1.0,0.9471
3,ACT,45.24,Financial Services,Insurance - Specialty,70.0,81.0,62.0,69.0,0.9189,0.8853
4,MBI,6.51,Financial Services,Insurance - Specialty,63.0,88.0,68.0,17.0,0.2386,0.2321
5,FAF,67.06,Financial Services,Insurance - Specialty,60.0,40.0,67.0,66.0,1.8586,1.7729
1,LIFE,19.58,Financial Services,Insurance Brokers,91.0,15.0,96.0,,1.4064,1.3564
2,NP,29.97,Financial Services,Insurance Brokers,76.0,80.0,85.0,30.0,1.4225,1.4029
3,AIFU,46.46,Financial Services,Insurance Brokers,42.0,87.0,95.0,17.0,5.3157,5.1071
4,BWIN,26.22,Financial Services,Insurance Brokers,34.0,97.0,80.0,63.0,1.7243,1.5161
5,TWFG,23.67,Financial Services,Insurance Brokers,24.0,96.0,86.0,11.0,1.2539,1.2432
1,NCEW,17.99,Industrials,Integrated Freight & Logistics,97.0,49.0,94.0,98.0,0.4529,0.2129
2,PBI,18.12,Industrials,Integrated Freight & Logistics,93.0,92.0,95.0,94.0,0.5721,0.5571
3,JBHT,280.3,Industrials,Integrated Freight & Logistics,93.0,75.0,89.0,90.0,9.7907,9.61
4,LSTR,209.21,Industrials,Integrated Freight & Logistics,91.0,76.0,88.0,91.0,6.9464,6.8071
5,RLGT,9.32,Industrials,Integrated Freight & Logistics,90.0,88.0,88.0,90.0,0.3229,0.3136
1,NBIS,240.3,Communication Services,Internet Content & Information,97.0,92.0,97.0,97.0,26.7201,25.1509
2,TRVG,5.31,Communication Services,Internet Content & Information,93.0,98.0,96.0,95.0,0.3861,0.3776
3,TZOO,11.16,Communication Services,Internet Content & Information,90.0,87.0,96.0,93.0,0.5936,0.5821
4,BODI,10.12,Communication Services,Internet Content & Information,89.0,70.0,8.0,20.0,0.7281,0.7281
5,GRPN,22.6,Communication Services,Internet Content & Information,88.0,79.0,97.0,84.0,1.5671,1.5279
1,MI,10.58,Consumer Cyclical,Internet Retail,98.0,1.0,98.0,97.0,1.174,0.8461
2,ETSY,78.04,Consumer Cyclical,Internet Retail,91.0,95.0,94.0,90.0,2.845,2.7568
3,LQDT,39.09,Consumer Cyclical,Internet Retail,89.0,85.0,87.0,85.0,1.1193,1.0993
4,TDUP,6.93,Consumer Cyclical,Internet Retail,87.0,98.0,97.0,61.0,0.3698,0.3519
5,W,94.47,Consumer Cyclical,Internet Retail,85.0,96.0,86.0,19.0,5.8833,5.3083
1,CALY,19.25,Consumer Cyclical,Leisure,94.0,95.0,91.0,93.0,0.7379,0.7
2,FNKO,5.8,Consumer Cyclical,Leisure,93.0,83.0,96.0,95.0,0.3131,0.3095
3,LTH,41.01,Consumer Cyclical,Leisure,91.0,95.0,93.0,92.0,1.4924,1.4152
4,YETI,51.21,Consumer Cyclical,Leisure,90.0,85.0,91.0,72.0,1.9629,1.8236
5,GOLF,118.08,Consumer Cyclical,Leisure,90.0,96.0,87.0,91.0,3.8701,3.5636
1,INTG,46.26,Consumer Cyclical,Lodging,95.0,90.0,87.0,94.0,3.6371,3.62
2,H,197.68,Consumer Cyclical,Lodging,87.0,84.0,89.0,79.0,6.4936,6.3036
3,IHG,172.85,Consumer Cyclical,Lodging,87.0,85.0,87.0,81.0,3.2479,2.9714
4,MAR,377.31,Consumer Cyclical,Lodging,83.0,29.0,73.0,80.0,10.2071,10.0771
5,HLT,332.86,Consumer Cyclical,Lodging,75.0,36.0,61.0,73.0,8.8343,8.6629
1,SSD,210.06,Basic Materials,Lumber & Wood Production,82.0,87.0,82.0,85.0,6.3736,5.7664
2,WFG,69.48,Basic Materials,Lumber & Wood Production,49.0,77.0,59.0,74.0,2.1357,2.0414
3,BCC,81.02,Basic Materials,Lumber & Wood Production,48.0,92.0,58.0,67.0,2.9486,2.8064
4,UFPI,92.2,Basic Materials,Lumber & Wood Production,23.0,89.0,34.0,40.0,2.7857,2.6214
1,ELA,27.79,Consumer Cyclical,Luxury Goods,97.0,75.0,94.0,96.0,1.6729,1.6571
2,MOV,39.58,Consumer Cyclical,Luxury Goods,95.0,92.0,94.0,96.0,1.3843,1.3343
3,REAL,12.16,Consumer Cyclical,Luxury Goods,90.0,96.0,89.0,9.0,0.8084,0.7462
4,TPR,146.0,Consumer Cyclical,Luxury Goods,80.0,79.0,41.0,70.0,5.7036,5.3429
5,CPRI,19.38,Consumer Cyclical,Luxury Goods,39.0,81.0,61.0,9.0,0.925,0.8779
1,EDRY,22.01,Industrials,Marine Shipping,93.0,17.0,76.0,94.0,2.2805,2.1837
2,MATX,194.49,Industrials,Marine Shipping,91.0,80.0,78.0,93.0,5.6136,5.4021
3,SHIP,14.16,Industrials,Marine Shipping,91.0,20.0,70.0,92.0,0.745,0.7393
4,ECO,49.88,Industrials,Marine Shipping,91.0,28.0,34.0,92.0,2.3107,2.2864
5,HSHP,13.3,Industrials,Marine Shipping,90.0,11.0,44.0,92.0,0.5217,0.4506
1,BMGL,6.87,Healthcare,Medical Care Facilities,98.0,98.0,98.0,98.0,0.7927,0.3711
2,AGL,119.25,Healthcare,Medical Care Facilities,98.0,97.0,98.0,98.0,10.8944,10.8323
3,CMPS,14.82,Healthcare,Medical Care Facilities,97.0,95.0,98.0,96.0,0.9253,0.9126
4,PIII,11.31,Healthcare,Medical Care Facilities,97.0,2.0,98.0,98.0,1.2534,1.2331
5,PACS,41.89,Healthcare,Medical Care Facilities,96.0,82.0,87.0,70.0,1.8171,1.8057
1,AMIX,5.72,Healthcare,Medical Devices,98.0,98.0,98.0,98.0,0.8881,0.3627
2,BFLY,8.89,Healthcare,Medical Devices,97.0,98.0,97.0,97.0,0.8488,0.7409
3,AXGN,44.93,Healthcare,Medical Devices,96.0,90.0,90.0,89.0,2.3536,2.3393
4,AVNS,24.95,Healthcare,Medical Devices,95.0,61.0,96.0,97.0,0.075,0.0721
5,NSYS,16.42,Healthcare,Medical Devices,95.0,93.0,95.0,97.0,1.0057,0.9443
1,FOCL,5.1,Healthcare,Medical Distribution,95.0,95.0,89.0,95.0,0.2186,0.2186
2,EMPG,17.36,Healthcare,Medical Distribution,93.0,40.0,29.0,28.0,0.0,0.0
3,CAH,237.92,Healthcare,Medical Distribution,84.0,93.0,71.0,74.0,6.3043,6.0121
4,HSIC,84.95,Healthcare,Medical Distribution,73.0,89.0,72.0,67.0,1.9493,1.8743
5,MCK,763.51,Healthcare,Medical Distribution,16.0,63.0,9.0,18.0,19.1314,18.1007
1,AVR,9.69,Healthcare,Medical Instruments & Supplies,95.0,86.0,96.0,95.0,0.6156,0.6134
2,PLSE,28.45,Healthcare,Medical Instruments & Supplies,93.0,91.0,88.0,96.0,1.9403,1.9196
3,STAA,29.29,Healthcare,Medical Instruments & Supplies,90.0,16.0,93.0,82.0,1.1486,1.1379
4,PDEX,61.47,Healthcare,Medical Instruments & Supplies,90.0,19.0,84.0,91.0,4.0779,4.0779
5,WST,350.85,Healthcare,Medical Instruments & Supplies,89.0,89.0,91.0,85.0,8.165,7.2886
1,AP,9.35,Industrials,Metal Fabrication,97.0,7.0,88.0,97.0,0.8779,0.8486
2,MEC,37.0,Industrials,Metal Fabrication,96.0,97.0,97.0,96.0,1.8851,1.8619
3,ATI,197.4,Industrials,Metal Fabrication,95.0,92.0,90.0,94.0,7.9079,7.6886
4,PRLB,80.69,Industrials,Metal Fabrication,92.0,85.0,90.0,92.0,3.1907,2.9971
5,MLI,128.2,Industrials,Metal Fabrication,83.0,17.0,75.0,64.0,4.115,3.7879
1,IOR,18.25,Financial Services,Mortgage Finance,26.0,67.0,38.0,47.0,0.4371,0.3293
2,VEL,18.22,Financial Services,Mortgage Finance,21.0,78.0,42.0,19.0,0.4403,0.4328
3,WD,54.72,Financial Services,Mortgage Finance,17.0,84.0,81.0,16.0,2.0736,2.045
4,RKT,15.0,Financial Services,Mortgage Finance,16.0,79.0,53.0,9.0,1.0281,0.9017
5,BETR,25.67,Financial Services,Mortgage Finance,16.0,20.0,4.0,7.0,2.4603,2.3739
1,NBR,82.61,Energy,Oil & Gas Drilling,93.0,7.0,11.0,93.0,5.0157,4.4307
2,HP,33.8,Energy,Oil & Gas Drilling,87.0,9.0,11.0,80.0,1.68,1.4921
3,PTEN,9.59,Energy,Oil & Gas Drilling,87.0,6.0,7.0,94.0,0.5479,0.4743
4,VAL,76.36,Energy,Oil & Gas Drilling,83.0,6.0,3.0,92.0,3.4859,3.0416
5,RIG,5.11,Energy,Oil & Gas Drilling,79.0,6.0,3.0,85.0,0.2357,0.2121
1,VIST,64.64,Energy,Oil & Gas E&P,81.0,9.0,9.0,89.0,3.0337,2.7609
2,APA,33.01,Energy,Oil & Gas E&P,79.0,11.0,3.0,88.0,1.4064,1.065
3,GPRK,9.23,Energy,Oil & Gas E&P,78.0,18.0,23.0,85.0,0.52,0.4693
4,TBN,32.0,Energy,Oil & Gas E&P,78.0,16.0,12.0,83.0,2.2018,2.0611
5,OBE,8.13,Energy,Oil & Gas E&P,74.0,2.0,10.0,89.0,0.545,0.4707
1,DWSN,5.33,Energy,Oil & Gas Equipment & Services,97.0,97.0,95.0,98.0,0.4214,0.4
2,NESR,28.24,Energy,Oil & Gas Equipment & Services,96.0,89.0,88.0,95.0,1.5711,1.4974
3,EFXT,24.95,Energy,Oil & Gas Equipment & Services,95.0,34.0,75.0,94.0,0.97,0.8664
4,KGS,76.27,Energy,Oil & Gas Equipment & Services,94.0,84.0,87.0,96.0,2.7659,2.6866
5,SEI,76.8,Energy,Oil & Gas Equipment & Services,94.0,83.0,85.0,94.0,5.7314,4.9949
1,EC,14.72,Energy,Oil & Gas Integrated,86.0,35.0,20.0,93.0,0.8493,0.785
2,YPF,45.33,Energy,Oil & Gas Integrated,83.0,9.0,43.0,85.0,2.0093,1.7657
3,IMO,113.24,Energy,Oil & Gas Integrated,69.0,12.0,9.0,87.0,3.3621,2.9871
4,E,46.08,Energy,Oil & Gas Integrated,67.0,9.0,7.0,82.0,1.5979,1.1871
5,SU,53.9,Energy,Oil & Gas Integrated,64.0,6.0,6.0,84.0,1.825,1.4293
1,NGL,15.94,Energy,Oil & Gas Midstream,96.0,19.0,85.0,93.0,0.8186,0.8064
2,INSW,79.51,Energy,Oil & Gas Midstream,92.0,36.0,69.0,94.0,3.9342,3.9021
3,NAT,5.85,Energy,Oil & Gas Midstream,92.0,89.0,45.0,95.0,0.3243,0.3186
4,FRO,35.52,Energy,Oil & Gas Midstream,90.0,54.0,48.0,94.0,2.1979,2.0979
5,PBT,24.34,Energy,Oil & Gas Midstream,89.0,9.0,62.0,90.0,1.3093,1.2429
1,DK,47.82,Energy,Oil & Gas Refining & Marketing,91.0,88.0,40.0,93.0,2.4021,2.2607
2,VLO,259.37,Energy,Oil & Gas Refining & Marketing,89.0,84.0,45.0,93.0,9.9429,9.0307
3,WKC,33.72,Energy,Oil & Gas Refining & Marketing,88.0,93.0,91.0,91.0,0.9236,0.8914
4,PARR,54.63,Energy,Oil & Gas Refining & Marketing,87.0,24.0,8.0,93.0,2.62,2.3736
5,PBF,43.11,Energy,Oil & Gas Refining & Marketing,87.0,88.0,7.0,94.0,2.3914,2.2521
1,MTRN,287.02,Basic Materials,Other Industrial Metals & Mining,97.0,96.0,97.0,97.0,13.3121,12.4114
2,ALOY,14.68,Basic Materials,Other Industrial Metals & Mining,95.0,98.0,92.0,94.0,2.2687,2.2166
3,NEXA,12.85,Basic Materials,Other Industrial Metals & Mining,95.0,9.0,88.0,91.0,0.9341,0.8281
4,ELVR,66.38,Basic Materials,Other Industrial Metals & Mining,95.0,3.0,86.0,88.0,7.5387,5.3869
5,LAR,7.79,Basic Materials,Other Industrial Metals & Mining,95.0,3.0,68.0,90.0,0.5814,0.5279
1,HL,15.54,Basic Materials,Other Precious Metals & Mining,86.0,13.0,10.0,9.0,0.9257,0.8
2,MTA,7.42,Basic Materials,Other Precious Metals & Mining,83.0,48.0,68.0,16.0,0.45,0.4071
3,SLSR,8.32,Basic Materials,Other Precious Metals & Mining,83.0,7.0,49.0,47.0,0.5523,0.5044
4,VMET,12.2,Basic Materials,Other Precious Metals & Mining,81.0,44.0,86.0,,0.8171,0.7707
5,ASM,6.15,Basic Materials,Other Precious Metals & Mining,80.0,14.0,55.0,16.0,0.4643,0.4007
1,WEST,9.39,Consumer Defensive,Packaged Foods,96.0,93.0,97.0,97.0,0.6271,0.6229
2,LSF,5.02,Consumer Defensive,Packaged Foods,93.0,97.0,97.0,97.0,0.4491,0.4277
3,MAMA,19.94,Consumer Defensive,Packaged Foods,93.0,97.0,89.0,91.0,1.0579,1.0329
4,SENEA,170.38,Consumer Defensive,Packaged Foods,90.0,92.0,73.0,92.0,9.9164,9.5943
5,LWAY,29.39,Consumer Defensive,Packaged Foods,87.0,94.0,94.0,83.0,1.3536,1.3486
1,PACK,7.31,Consumer Cyclical,Packaging & Containers,94.0,80.0,96.0,86.0,0.4,0.3829
2,MYE,32.14,Consumer Cyclical,Packaging & Containers,94.0,97.0,93.0,94.0,1.165,1.0864
3,TRS,44.58,Consumer Cyclical,Packaging & Containers,84.0,84.0,81.0,84.0,1.2471,1.1893
4,REYN,26.82,Consumer Cyclical,Packaging & Containers,80.0,94.0,86.0,75.0,0.6304,0.5971
5,KRT,31.72,Consumer Cyclical,Packaging & Containers,80.0,92.0,71.0,90.0,0.8339,0.796
1,CLW,16.8,Basic Materials,Paper & Paper Products,15.0,83.0,76.0,19.0,0.8357,0.7879
2,SLVM,39.34,Basic Materials,Paper & Paper Products,12.0,61.0,17.0,10.0,1.5546,1.5253
3,SUZ,7.72,Basic Materials,Paper & Paper Products,8.0,14.0,5.0,11.0,0.2182,0.1796
1,ANDG,36.91,Consumer Cyclical,Personal Services,91.0,35.0,91.0,92.0,2.3561,2.3061
2,FTDR,74.73,Consumer Cyclical,Personal Services,83.0,94.0,88.0,86.0,2.1379,2.0693
3,RGS,27.26,Consumer Cyclical,Personal Services,62.0,15.0,73.0,22.0,0.7821,0.7136
4,HRB,37.22,Consumer Cyclical,Personal Services,15.0,23.0,78.0,13.0,1.2236,1.1664
5,MED,10.51,Consumer Cyclical,Personal Services,15.0,6.0,58.0,20.0,0.4679,0.4679
1,CECO,91.87,Industrials,Pollution & Treatment Controls,95.0,80.0,93.0,92.0,5.64,5.1921
2,ADUR,15.21,Industrials,Pollution & Treatment Controls,88.0,27.0,92.0,87.0,1.3664,1.1821
3,PCTTU,11.0,Industrials,Pollution & Treatment Controls,73.0,98.0,95.0,67.0,0.64,0.3064
4,ZWS,50.87,Industrials,Pollution & Treatment Controls,73.0,77.0,69.0,58.0,1.4464,1.3229
5,PCT,7.79,Industrials,Pollution & Treatment Controls,18.0,1.0,91.0,13.0,0.8159,0.7524
1,TDAY,8.35,Communication Services,Publishing,93.0,82.0,84.0,93.0,0.2814,0.2764
2,SCHL,46.01,Communication Services,Publishing,91.0,82.0,69.0,93.0,1.2129,1.2071
3,LEE,9.01,Communication Services,Publishing,91.0,12.0,42.0,97.0,0.7536,0.7486
4,WLY,48.19,Communication Services,Publishing,83.0,91.0,84.0,92.0,2.0901,2.0722
5,WLYB,47.04,Communication Services,Publishing,79.0,92.0,81.0,90.0,0.5807,0.2248
1,FVR,20.1,Real Estate,REIT - Diversified,90.0,91.0,87.0,88.0,0.6536,0.6361
2,AAT,25.18,Real Estate,REIT - Diversified,86.0,89.0,89.0,88.0,0.5021,0.4786
3,BNL,21.21,Real Estate,REIT - Diversified,77.0,76.0,69.0,82.0,0.415,0.3992
4,AHRT,7.12,Real Estate,REIT - Diversified,72.0,77.0,88.0,62.0,0.1471,0.1393
5,SAFE,16.44,Real Estate,REIT - Diversified,69.0,87.0,76.0,82.0,0.54,0.4986
1,DHC,9.49,Real Estate,REIT - Healthcare Facilities,95.0,83.0,90.0,95.0,0.3886,0.385
2,SILA,30.31,Real Estate,REIT - Healthcare Facilities,84.0,54.0,87.0,87.0,0.0418,0.0382
3,NHPBP,22.6,Real Estate,REIT - Healthcare Facilities,84.0,70.0,79.0,82.0,0.2406,0.2356
4,DOC,21.55,Real Estate,REIT - Healthcare Facilities,83.0,85.0,86.0,89.0,0.52,0.5057
5,NHPAP,23.12,Real Estate,REIT - Healthcare Facilities,83.0,74.0,81.0,82.0,0.1901,0.1836
1,CLDT,13.58,Real Estate,REIT - Hotel & Motel,95.0,95.0,95.0,96.0,0.4386,0.4107
2,PEB,19.06,Real Estate,REIT - Hotel & Motel,93.0,95.0,93.0,94.0,0.5993,0.5593
3,RLJ,12.03,Real Estate,REIT - Hotel & Motel,92.0,94.0,93.0,93.0,0.3079,0.2871
4,INN,7.07,Real Estate,REIT - Hotel & Motel,91.0,95.0,94.0,91.0,0.2457,0.235
5,APLE,17.04,Real Estate,REIT - Hotel & Motel,90.0,91.0,91.0,90.0,0.3563,0.3336
1,ILPT,9.28,Real Estate,REIT - Industrial,93.0,82.0,93.0,94.0,0.3896,0.3832
2,NSA,45.43,Real Estate,REIT - Industrial,89.0,80.0,81.0,94.0,1.0549,0.9999
3,COLD,15.97,Real Estate,REIT - Industrial,84.0,77.0,91.0,87.0,0.5569,0.5154
4,MDV,17.64,Real Estate,REIT - Industrial,80.0,20.0,83.0,83.0,0.4037,0.3937
5,LINE,43.98,Real Estate,REIT - Industrial,78.0,66.0,87.0,85.0,1.4389,1.4064
1,ADAM,9.51,Real Estate,REIT - Mortgage,86.0,75.0,86.0,87.0,0.2729,0.2464
2,TWO,12.43,Real Estate,REIT - Mortgage,71.0,43.0,58.0,70.0,0.1014,0.0993
3,NREF,15.38,Real Estate,REIT - Mortgage,66.0,38.0,72.0,66.0,0.4613,0.4434
4,AGNC,10.9,Real Estate,REIT - Mortgage,61.0,75.0,62.0,42.0,0.1879,0.1707
5,NLY,22.95,Real Estate,REIT - Mortgage,58.0,80.0,57.0,36.0,0.4379,0.3807
1,HPP,15.37,Real Estate,REIT - Office,93.0,95.0,97.0,92.0,0.9086,0.865
2,PSTL,24.88,Real Estate,REIT - Office,91.0,72.0,89.0,93.0,0.6542,0.6328
3,PDM,9.48,Real Estate,REIT - Office,84.0,90.0,92.0,75.0,0.31,0.2886
4,VNO,39.11,Real Estate,REIT - Office,82.0,93.0,93.0,78.0,1.2157,1.115
5,CDP,36.32,Real Estate,REIT - Office,80.0,89.0,74.0,86.0,0.7886,0.7314
1,JAN,28.25,Real Estate,REIT - Residential,77.0,77.0,80.0,,0.8507,0.8464
2,ESS,295.34,Real Estate,REIT - Residential,69.0,82.0,80.0,72.0,5.6721,5.435
3,CPT,116.31,Real Estate,REIT - Residential,63.0,83.0,78.0,61.0,2.3586,2.285
4,INVH,30.46,Real Estate,REIT - Residential,62.0,75.0,82.0,71.0,0.6259,0.572
5,AMH,34.09,Real Estate,REIT - Residential,61.0,81.0,81.0,62.0,0.6586,0.6093
1,WHLRP,9.77,Real Estate,REIT - Retail,95.0,97.0,90.0,96.0,0.845,0.8221
2,CBL,53.43,Real Estate,REIT - Retail,93.0,89.0,91.0,91.0,1.4707,1.4043
3,MAC,25.83,Real Estate,REIT - Retail,90.0,91.0,89.0,89.0,0.8221,0.7121
4,WSR,18.97,Real Estate,REIT - Retail,87.0,49.0,76.0,89.0,0.0429,0.0336
5,PINE,20.79,Real Estate,REIT - Retail,84.0,83.0,72.0,85.0,0.6612,0.6491
1,UNIT,11.07,Real Estate,REIT - Specialty,92.0,23.0,91.0,93.0,0.5254,0.5002
2,OUT,33.24,Real Estate,REIT - Specialty,92.0,69.0,83.0,89.0,0.9864,0.945
3,IRM,132.44,Real Estate,REIT - Specialty,88.0,77.0,88.0,94.0,3.8314,3.6207
4,EQIX,1091.3,Real Estate,REIT - Specialty,84.0,69.0,68.0,91.0,26.9407,26.3536
5,LAMR,156.1,Real Estate,REIT - Specialty,82.0,72.0,82.0,83.0,3.2229,3.1714
1,FSTR,44.77,Industrials,Railroads,94.0,89.0,94.0,93.0,1.815,1.7893
2,TRN,36.11,Industrials,Railroads,82.0,89.0,72.0,86.0,1.0393,0.9464
3,WAB,269.53,Industrials,Railroads,80.0,74.0,60.0,82.0,8.2257,7.3521
4,CNI,120.56,Industrials,Railroads,79.0,67.0,77.0,82.0,2.3636,2.1993
5,RAIL,10.2,Industrials,Railroads,71.0,96.0,85.0,20.0,0.5757,0.5707
1,FOR,31.94,Real Estate,Real Estate - Development,87.0,93.0,84.0,87.0,0.9821,0.9021
2,CCS,71.84,Real Estate,Real Estate - Development,80.0,97.0,84.0,83.0,2.9971,2.7843
3,VTMX,33.85,Real Estate,Real Estate - Development,67.0,25.0,45.0,62.0,0.8149,0.8016
4,AXR,24.89,Real Estate,Real Estate - Development,47.0,13.0,11.0,87.0,0.8,0.735
5,HHH,72.37,Real Estate,Real Estate - Development,44.0,90.0,67.0,18.0,1.8986,1.8
1,JOE,66.0,Real Estate,Real Estate - Diversified,78.0,74.0,59.0,68.0,1.5771,1.5593
2,STRS,29.27,Real Estate,Real Estate - Diversified,78.0,63.0,14.0,80.0,0.8221,0.8186
1,COMP,11.4,Real Estate,Real Estate Services,90.0,97.0,92.0,60.0,0.6092,0.5671
2,ARL,21.5,Real Estate,Real Estate Services,88.0,97.0,91.0,88.0,1.0721,1.0079
3,RMAX,9.86,Real Estate,Real Estate Services,86.0,80.0,94.0,86.0,0.3879,0.37
4,RMR,20.89,Real Estate,Real Estate Services,86.0,74.0,89.0,89.0,0.4981,0.4966
5,SEG,27.07,Real Estate,Real Estate Services,86.0,90.0,86.0,89.0,0.8804,0.8532
1,PII,72.56,Consumer Cyclical,Recreational Vehicles,87.0,78.0,86.0,62.0,2.9671,2.8279
2,BC,87.08,Consumer Cyclical,Recreational Vehicles,85.0,77.0,78.0,74.0,3.1214,2.855
3,MCFT,25.45,Consumer Cyclical,Recreational Vehicles,83.0,81.0,81.0,86.0,0.9843,0.9436
4,HOG,25.19,Consumer Cyclical,Recreational Vehicles,70.0,77.0,86.0,81.0,1.0193,1.0007
5,DOO,62.32,Consumer Cyclical,Recreational Vehicles,35.0,83.0,12.0,13.0,1.9586,1.9586
1,VSTS,14.42,Industrials,Rental & Leasing Services,96.0,94.0,96.0,96.0,0.5569,0.5476
2,PRG,46.11,Industrials,Rental & Leasing Services,91.0,95.0,94.0,92.0,1.835,1.7286
3,WLFC,223.88,Industrials,Rental & Leasing Services,91.0,94.0,87.0,93.0,9.5236,9.3786
4,URI,1121.66,Industrials,Rental & Leasing Services,90.0,90.0,93.0,89.0,32.215,29.1264
5,WSC,28.86,Industrials,Rental & Leasing Services,89.0,90.0,93.0,91.0,1.2079,1.1532
1,LGIH,65.84,Consumer Cyclical,Residential Construction,91.0,97.0,95.0,93.0,3.4643,3.2786
2,BZH,29.2,Consumer Cyclical,Residential Construction,88.0,92.0,92.0,91.0,1.1629,1.1507
3,HOV,147.55,Consumer Cyclical,Residential Construction,87.0,96.0,88.0,92.0,8.4229,8.0821
4,MTH,85.18,Consumer Cyclical,Residential Construction,86.0,96.0,91.0,86.0,3.0636,2.8236
5,MHO,163.0,Consumer Cyclical,Residential Construction,85.0,95.0,88.0,86.0,5.095,4.7543
1,VAC,101.3,Consumer Cyclical,Resorts & Casinos,91.0,94.0,91.0,94.0,4.1164,3.885
2,MCRI,133.87,Consumer Cyclical,Resorts & Casinos,89.0,88.0,90.0,89.0,3.6986,3.6114
3,PENN,21.88,Consumer Cyclical,Resorts & Casinos,88.0,91.0,93.0,92.0,0.9229,0.8836
4,MGM,49.19,Consumer Cyclical,Resorts & Casinos,88.0,93.0,87.0,88.0,1.3271,1.2757
5,HGV,54.69,Consumer Cyclical,Resorts & Casinos,85.0,81.0,89.0,82.0,1.8671,1.8092
1,NDLS,15.69,Consumer Cyclical,Restaurants,97.0,97.0,95.0,98.0,0.9057,0.8593
2,RRGB,7.49,Consumer Cyclical,Restaurants,95.0,98.0,98.0,95.0,0.535,0.52
3,CBRL,52.85,Consumer Cyclical,Restaurants,92.0,98.0,96.0,96.0,3.5807,3.0264
4,BJRI,59.86,Consumer Cyclical,Restaurants,92.0,96.0,94.0,91.0,2.5714,2.4743
5,CAKE,80.38,Consumer Cyclical,Restaurants,90.0,95.0,92.0,93.0,2.805,2.7343
1,VPG,127.82,Technology,Scientific & Technical Instruments,98.0,67.0,98.0,98.0,12.0279,11.3671
2,ASTC,9.31,Technology,Scientific & Technical Instruments,97.0,1.0,98.0,97.0,4.2157,3.99
3,MKSI,388.61,Technology,Scientific & Technical Instruments,97.0,93.0,95.0,97.0,26.3629,20.5329
4,COHR,380.56,Technology,Scientific & Technical Instruments,97.0,53.0,93.0,96.0,39.19,35.6779
5,ELSE,7.65,Technology,Scientific & Technical Instruments,94.0,46.0,95.0,95.0,0.0414,0.0357
1,GEO,30.36,Industrials,Security & Protection Services,93.0,97.0,95.0,95.0,1.1679,1.1464
2,MG,18.82,Industrials,Security & Protection Services,93.0,80.0,83.0,90.0,0.6493,0.6471
3,SPCB,11.36,Industrials,Security & Protection Services,74.0,64.0,91.0,74.0,0.825,0.7764
4,BRC,90.26,Industrials,Security & Protection Services,73.0,75.0,60.0,70.0,3.7671,3.6036
5,CIX,27.19,Industrials,Security & Protection Services,70.0,88.0,77.0,79.0,1.1879,1.1093
1,AEHR,91.81,Technology,Semiconductor Equipment & Materials,98.0,9.0,98.0,98.0,13.1107,11.5421
2,ICHR,94.0,Technology,Semiconductor Equipment & Materials,98.0,96.0,97.0,98.0,8.3043,7.0164
3,UCTT,118.82,Technology,Semiconductor Equipment & Materials,98.0,96.0,97.0,98.0,9.9193,8.1971
4,AXTI,70.15,Technology,Semiconductor Equipment & Materials,98.0,0.0,79.0,98.0,12.8979,11.9629
5,ACMR,104.5,Technology,Semiconductor Equipment & Materials,97.0,93.0,97.0,97.0,10.0948,8.9019
1,MU,1132.33,Technology,Semiconductors,98.0,95.0,98.0,98.0,107.1914,78.6764
2,VSH,56.35,Technology,Semiconductors,98.0,92.0,98.0,98.0,6.6407,5.84
3,UMC,25.58,Technology,Semiconductors,98.0,91.0,98.0,98.0,1.895,1.2457
4,SIMO,305.28,Technology,Semiconductors,98.0,82.0,98.0,98.0,26.4371,22.7643
5,INTC,128.32,Technology,Semiconductors,98.0,79.0,98.0,98.0,10.9529,8.9757
1,AFJKU,36.75,Financial Services,Shell Companies,95.0,3.0,88.0,7.0,1.2693,0.725
2,AFJK,26.81,Financial Services,Shell Companies,91.0,0.0,37.0,4.0,6.1914,5.3158
3,BSAAU,14.95,Financial Services,Shell Companies,90.0,96.0,92.0,90.0,1.4214,1.2543
4,CCXIU,14.52,Financial Services,Shell Companies,89.0,97.0,91.0,90.0,0.4936,0.3171
5,CCXI,13.86,Financial Services,Shell Companies,87.0,97.0,89.0,,0.4993,0.3614
1,AYA,19.81,Basic Materials,Silver,94.0,80.0,93.0,89.0,1.475,1.2307
2,SVM,10.87,Basic Materials,Silver,92.0,12.0,65.0,84.0,0.807,0.7009
3,AG,16.89,Basic Materials,Silver,82.0,7.0,8.0,24.0,1.1386,1.0071
4,EXK,8.33,Basic Materials,Silver,66.0,10.0,16.0,12.0,0.5693,0.5007
1,QH,5.51,Technology,Software - Application,98.0,98.0,98.0,98.0,2.162,1.8352
2,BVC,9.5,Technology,Software - Application,98.0,53.0,59.0,98.0,2.3357,2.1993
3,APPS,11.07,Technology,Software - Application,97.0,98.0,98.0,96.0,0.9579,0.9579
4,PDFS,63.01,Technology,Software - Application,96.0,97.0,96.0,96.0,4.635,3.8771
5,SVCO,11.96,Technology,Software - Application,96.0,95.0,94.0,97.0,1.2783,1.2761
1,RXT,5.98,Technology,Software - Infrastructure,98.0,96.0,98.0,98.0,1.0378,1.0303
2,BAND,56.9,Technology,Software - Infrastructure,98.0,66.0,98.0,98.0,5.4604,5.229
3,MOVE,24.46,Technology,Software - Infrastructure,98.0,89.0,97.0,98.0,2.4579,2.4494
4,NUAI,5.92,Technology,Software - Infrastructure,98.0,97.0,90.0,83.0,0.7128,0.676
5,BNAI,18.23,Technology,Software - Infrastructure,98.0,93.0,0.0,98.0,3.0026,2.8526
1,SEDG,51.75,Technology,Solar,92.0,2.0,40.0,94.0,5.3657,5.0993
2,SHLS,9.0,Technology,Solar,87.0,2.0,90.0,28.0,0.915,0.8839
3,ENPH,47.58,Technology,Solar,83.0,1.0,77.0,91.0,4.4343,4.2514
4,NXT,106.95,Technology,Solar,82.0,4.0,9.0,77.0,8.5097,8.139
5,TOYO,7.26,Technology,Solar,81.0,0.0,11.0,73.0,1.6764,1.4493
1,BUUU,21.01,Industrials,Specialty Business Services,97.0,96.0,92.0,97.0,2.0396,1.8443
2,TH,20.27,Industrials,Specialty Business Services,96.0,88.0,97.0,97.0,0.8057,0.8
3,RHLD,133.96,Industrials,Specialty Business Services,94.0,92.0,6.0,4.0,7.7968,7.7968
4,SPIR,16.29,Industrials,Specialty Business Services,91.0,1.0,80.0,95.0,1.7915,1.7665
5,CMPR,92.01,Industrials,Specialty Business Services,90.0,9.0,84.0,86.0,3.6964,3.6964
1,DD,137.22,Basic Materials,Specialty Chemicals,98.0,98.0,98.0,98.0,9.9171,3.0179
2,ALTO,5.19,Basic Materials,Specialty Chemicals,97.0,30.0,75.0,95.0,0.3679,0.3557
3,LWLG,7.89,Basic Materials,Specialty Chemicals,97.0,1.0,26.0,97.0,0.9,0.8471
4,ODC,101.42,Basic Materials,Specialty Chemicals,94.0,96.0,94.0,96.0,4.3293,4.1736
5,PRM,34.4,Basic Materials,Specialty Chemicals,94.0,85.0,94.0,83.0,1.5969,1.5166
1,BW,14.45,Industrials,Specialty Industrial Machinery,98.0,3.0,21.0,97.0,1.3299,1.2332
2,GHM,121.66,Industrials,Specialty Industrial Machinery,95.0,94.0,93.0,95.0,8.4029,7.4286
3,PKOH,39.06,Industrials,Specialty Industrial Machinery,94.0,93.0,94.0,95.0,1.4857,1.3943
4,TWIN,24.19,Industrials,Specialty Industrial Machinery,94.0,97.0,93.0,91.0,1.3436,1.3264
5,GRC,89.25,Industrials,Specialty Industrial Machinery,94.0,93.0,91.0,95.0,2.9793,2.7136
1,LESL,9.59,Consumer Cyclical,Specialty Retail,98.0,98.0,98.0,98.0,1.5422,1.5386
2,ARKO,7.71,Consumer Cyclical,Specialty Retail,92.0,44.0,90.0,94.0,0.3861,0.3804
3,HZO,37.74,Consumer Cyclical,Specialty Retail,91.0,84.0,91.0,92.0,1.51,1.4914
4,BNED,13.74,Consumer Cyclical,Specialty Retail,89.0,97.0,93.0,91.0,0.8107,0.715
5,BWMX,17.86,Consumer Cyclical,Specialty Retail,87.0,74.0,46.0,86.0,0.7113,0.6959
1,TBI,6.99,Industrials,Staffing & Employment Services,92.0,93.0,96.0,92.0,0.3736,0.3664
2,KFRC,49.51,Industrials,Staffing & Employment Services,92.0,91.0,95.0,94.0,1.9193,1.8657
3,KELYB,18.27,Industrials,Staffing & Employment Services,92.0,29.0,92.0,96.0,0.9364,0.7336
4,HQI,13.44,Industrials,Staffing & Employment Services,88.0,77.0,89.0,90.0,0.8971,0.8971
5,KELYA,12.73,Industrials,Staffing & Employment Services,85.0,90.0,91.0,92.0,0.4829,0.48
1,NWPX,148.01,Basic Materials,Steel,97.0,94.0,96.0,97.0,6.8136,6.6107
2,FRD,34.43,Basic Materials,Steel,95.0,97.0,96.0,94.0,2.5414,2.1921
3,NUE,239.78,Basic Materials,Steel,92.0,27.0,92.0,91.0,8.8214,7.9857
4,STLD,245.49,Basic Materials,Steel,92.0,19.0,91.0,89.0,10.0714,9.0407
5,MT,59.88,Basic Materials,Steel,90.0,8.0,76.0,87.0,2.4157,1.9543
1,ATEX,89.67,Communication Services,Telecom Services,98.0,97.0,97.0,98.0,7.1522,7.0183
2,KORE,9.79,Communication Services,Telecom Services,97.0,82.0,57.0,97.0,0.0661,0.0646
3,IRDM,43.52,Communication Services,Telecom Services,95.0,7.0,93.0,97.0,3.3836,3.2893
4,GSAT,80.25,Communication Services,Telecom Services,95.0,19.0,88.0,84.0,1.2871,1.2757
5,TIGO,89.26,Communication Services,Telecom Services,93.0,79.0,81.0,94.0,3.7594,3.5394
1,SMJF,5.5,Consumer Cyclical,Textile Manufacturing,90.0,90.0,96.0,71.0,0.1886,0.1886
2,AIN,76.29,Consumer Cyclical,Textile Manufacturing,88.0,94.0,92.0,92.0,2.5021,2.4386
1,NC,51.71,Energy,Thermal Coal,62.0,73.0,35.0,56.0,1.6693,1.6071
2,BTU,23.51,Energy,Thermal Coal,16.0,10.0,1.0,8.0,1.2052,1.0624
3,ARLP,24.48,Energy,Thermal Coal,15.0,32.0,7.0,51.0,0.5486,0.5
4,NRP,101.01,Energy,Thermal Coal,14.0,23.0,5.0,24.0,2.8243,2.8243
5,CNR,81.77,Energy,Thermal Coal,14.0,12.0,3.0,17.0,3.3281,3.126
1,RYM,28.37,Consumer Defensive,Tobacco,85.0,78.0,94.0,73.0,1.9529,1.8766
2,MO,73.79,Consumer Defensive,Tobacco,75.0,70.0,70.0,84.0,1.7071,1.4907
3,BTI,62.76,Consumer Defensive,Tobacco,71.0,31.0,54.0,66.0,1.2379,0.9771
4,PM,180.77,Consumer Defensive,Tobacco,57.0,40.0,63.0,68.0,4.9136,4.5514
5,TPB,87.02,Consumer Defensive,Tobacco,23.0,24.0,40.0,11.0,4.2695,4.2449
1,TKR,141.22,Industrials,Tools & Accessories,93.0,88.0,91.0,94.0,5.1493,4.4364
2,RBC,630.36,Industrials,Tools & Accessories,89.0,86.0,72.0,89.0,20.12,19.3679
3,KMT,35.78,Industrials,Tools & Accessories,85.0,73.0,25.0,82.0,1.3671,1.2486
4,SWK,91.98,Industrials,Tools & Accessories,84.0,92.0,87.0,83.0,3.5729,3.2086
5,TTC,96.83,Industrials,Tools & Accessories,76.0,80.0,41.0,83.0,2.9414,2.8571
1,LIND,29.57,Consumer Cyclical,Travel Services,96.0,96.0,94.0,96.0,1.3643,1.2021
2,PRSU,54.76,Consumer Cyclical,Travel Services,92.0,94.0,93.0,93.0,1.4993,1.4264
3,VIK,103.26,Consumer Cyclical,Travel Services,92.0,89.0,91.0,90.0,3.8101,3.5208
4,GBTG,9.43,Consumer Cyclical,Travel Services,90.0,49.0,95.0,82.0,0.0418,0.0418
5,NUTR,9.0,Consumer Cyclical,Travel Services,87.0,40.0,29.0,28.0,0.0,0.0
1,RXO,27.12,Industrials,Trucking,95.0,84.0,96.0,96.0,1.5386,1.5011
2,ARCB,146.29,Industrials,Trucking,94.0,87.0,93.0,95.0,8.6929,8.1436
3,HTLD,15.51,Industrials,Trucking,93.0,79.0,92.0,94.0,0.5771,0.5764
4,KNX,76.61,Industrials,Trucking,92.0,74.0,90.0,90.0,2.92,2.7757
5,WERN,42.77,Industrials,Trucking,91.0,77.0,92.0,90.0,1.5871,1.5321
1,NUCL,9.89,Energy,Uranium,84.0,29.0,92.0,,0.9479,0.9414
2,UUUU,14.62,Energy,Uranium,79.0,5.0,6.0,22.0,1.1914,1.07
3,CCJ,104.49,Energy,Uranium,73.0,26.0,20.0,69.0,5.3843,4.9314
4,ISOU,10.16,Energy,Uranium,67.0,12.0,33.0,70.0,0.8264,0.7571
5,NXE,9.75,Energy,Uranium,54.0,9.0,8.0,49.0,0.5576,0.5248
1,AES,14.67,Utilities,Utilities - Diversified,66.0,49.0,46.0,55.0,0.0621,0.0607
2,AVA,41.77,Utilities,Utilities - Diversified,57.0,53.0,48.0,63.0,0.9686,0.8693
3,BIP,36.6,Utilities,Utilities - Diversified,54.0,18.0,39.0,53.0,0.8357,0.8214
4,UTL,53.82,Utilities,Utilities - Diversified,53.0,76.0,38.0,68.0,1.3664,1.3129
5,SRE,94.27,Utilities,Utilities - Diversified,53.0,74.0,18.0,57.0,1.7236,1.6879
1,DGXX,5.55,Utilities,Utilities - Independent Power Producers,96.0,1.0,98.0,96.0,0.6515,0.5933
2,TLN,404.09,Utilities,Utilities - Independent Power Producers,76.0,81.0,84.0,57.0,23.4845,19.5731
3,KEN,65.86,Utilities,Utilities - Independent Power Producers,74.0,2.0,5.0,39.0,2.4497,1.8001
4,TAC,13.8,Utilities,Utilities - Independent Power Producers,60.0,48.0,51.0,62.0,0.4314,0.4214
5,HNRG,17.53,Utilities,Utilities - Independent Power Producers,21.0,10.0,14.0,16.0,1.1103,1.0206
1,EIX,75.67,Utilities,Utilities - Regulated Electric,82.0,80.0,52.0,85.0,1.3664,1.3393
2,ETR,115.91,Utilities,Utilities - Regulated Electric,81.0,76.0,66.0,84.0,2.0757,2.0271
3,NWE,73.42,Utilities,Utilities - Regulated Electric,79.0,67.0,67.0,72.0,2.0036,1.8607
4,ELPC,11.77,Utilities,Utilities - Regulated Electric,79.0,63.0,37.0,85.0,0.2918,0.2654
5,AEP,138.69,Utilities,Utilities - Regulated Electric,77.0,82.0,54.0,80.0,2.4779,2.4136
1,BKH,76.04,Utilities,Utilities - Regulated Gas,76.0,69.0,63.0,66.0,2.1014,1.9336
2,MDU,21.88,Utilities,Utilities - Regulated Gas,74.0,48.0,49.0,69.0,0.4064,0.3943
3,NJR,57.61,Utilities,Utilities - Regulated Gas,74.0,67.0,47.0,84.0,1.3629,1.3414
4,NI,49.08,Utilities,Utilities - Regulated Gas,70.0,74.0,55.0,78.0,0.9164,0.88
5,SWX,90.93,Utilities,Utilities - Regulated Gas,65.0,72.0,46.0,70.0,1.5429,1.4871
1,CDZIP,22.75,Utilities,Utilities - Regulated Water,77.0,84.0,74.0,76.0,0.6424,0.5841
2,HTO,60.69,Utilities,Utilities - Regulated Water,70.0,78.0,46.0,82.0,1.4679,1.4314
3,SBS,5.79,Utilities,Utilities - Regulated Water,70.0,70.0,20.0,73.0,0.1643,0.1543
4,AWR,82.57,Utilities,Utilities - Regulated Water,62.0,83.0,61.0,70.0,1.8414,1.7564
5,PCYO,11.23,Utilities,Utilities - Regulated Water,55.0,88.0,70.0,36.0,0.3504,0.3325
1,ENLT,86.44,Utilities,Utilities - Renewable,96.0,6.0,79.0,96.0,5.4408,3.9133
2,FLNC,19.27,Utilities,Utilities - Renewable,93.0,12.0,86.0,25.0,2.9363,2.8156
3,WAVE,9.14,Utilities,Utilities - Renewable,89.0,79.0,92.0,93.0,1.0388,0.9762
4,XIFR,12.03,Utilities,Utilities - Renewable,83.0,72.0,78.0,85.0,0.3557,0.3425
5,BEP,35.27,Utilities,Utilities - Renewable,82.0,24.0,65.0,86.0,1.0186,0.9907
1,NVRI,22.05,Industrials,Waste Management,93.0,87.0,77.0,80.0,1.1543,1.1293
2,CLH,301.65,Industrials,Waste Management,77.0,82.0,51.0,84.0,7.8957,7.7814
3,PESI,12.25,Industrials,Waste Management,68.0,96.0,66.0,22.0,0.7179,0.7057
4,WM,225.53,Industrials,Waste Management,33.0,78.0,20.0,46.0,4.8493,4.5771
5,WCN,167.9,Industrials,Waste Management,23.0,88.0,51.0,20.0,3.9729,3.7571
1,HQWWW,11.81,n/a,n/a,98.0,98.0,98.0,,4.7929,4.6386
2,LION,16.4,n/a,n/a,96.0,93.0,95.0,95.0,0.7154,0.6776
3,WLDSW,18.0,n/a,n/a,96.0,20.0,20.0,,0.0,0.0
4,RILYT,20.6,n/a,n/a,93.0,29.0,71.0,88.0,0.4182,0.3937
5,GREEL,21.75,n/a,n/a,93.0,72.0,47.0,80.0,0.5975,0.5564
